TaxonomicName,CatalogueNumber,Clade,Order,Family,Genus,FullName,VernacularName,TypeStatus,TypeName,DecimalLatitude,DecimalLongitude,Locality,RecordedBy,RecordNumber,CollectionDate,Country,InstitutionCode,ImageFile,Habit,LeafArrangement,LeafForm,LeafVenation,LeafMargin,Stipules,Exudate,StemArmature,Tendrils,LeafSample,DNAextracted,DNAsequenced,DNAnotes,EditedAt
Eremolaena humblotiana,K005434928,,,Sarcolaenaceae,Eremolaena,Eremolaena humblotiana,,,,-17.7278,48.9764,,"Randrianjanaka, L.; Zafy, P.",242,1994-10-26 00:00:00,Madagascar,K,K005434928,,,,,,,,,,,,,Not attempted,
Eremolaena humblotiana,K000391138,,,Sarcolaenaceae,Eremolaena,Eremolaena humblotiana,,,,-17.9,49.2167,,"Capuron, R.",18091,1957-08-20 00:00:00,Madagascar,K,K000391138,,,,,,,,,,,,,,
Eremolaena rotundifolia,K005434934,,,Sarcolaenaceae,Eremolaena,Eremolaena rotundifolia,,,,-24.95,47,,"Randriatafika, F.",759,2007-02-12 00:00:00,Madagascar,K,K005434934,,,,,,,,,,,,,Not attempted,
Eremolaena rotundifolia,K005434929,,,Sarcolaenaceae,Eremolaena,Eremolaena rotundifolia,,,,-24.7703,47.1478,,"Randriatafika, F.; Rabehevitra, D.; Ramison, R.; et al.",777,2007-03-08 00:00:00,Madagascar,K,K005434929,,,,,,,,,,,,,Not attempted,
Eremolaena rotundifolia,K004041664,,,Sarcolaenaceae,Eremolaena,Eremolaena rotundifolia,,,,-16.7122,50.0156,,"Rajaovelona, L.R.; Augustin; Anselme; Baker, W.J.; Eiserhardt, W.; Dennis, P.",RJL 1737,2024-05-14 00:00:00,Madagascar,K,K004041664,,,,,,,,,,,,,Not attempted,
Eremolaena rotundifolia,K005434930,,,Sarcolaenaceae,Eremolaena,Eremolaena rotundifolia,,,,-20.3728,48.5544,,"Razakamalala, R.; Ranaivojaona, R.; Rogers, Z.",1102,2004-04-16 00:00:00,Madagascar,K,K005434930,,,,,,,,,,,,,Not attempted,
Eremolaena rotundifolia,K005434933,,,Sarcolaenaceae,Eremolaena,Eremolaena rotundifolia,,,,-23.195,47.6897,,"Randriatsivery, M.; Rasoafaranaivo, M.; Rakotoarivony, F.",142,2006-02-09 00:00:00,Madagascar,K,K005434933; K005434933_a,,,,,,,,,,,,,Not attempted,
Eremolaena rotundifolia,K005434935,,,Sarcolaenaceae,Eremolaena,Eremolaena rotundifolia,,,,-24.5708,47.21,,"Birkinshaw, C.",1651,2006-05-25 00:00:00,Madagascar,K,K005434935,,,,,,,,,,,,,Not attempted,
Eremolaena rotundifolia,K000391135,,,Sarcolaenaceae,Eremolaena,Eremolaena rotundifolia,,,,,,,s.coll.,13325,,Madagascar,K,K000391135,,,,,,,,,,,,,Not attempted,
Eremolaena rotundifolia,K005434932,,,Sarcolaenaceae,Eremolaena,Eremolaena rotundifolia,,,,,,,"Razakamalala, R.; Rabevohitra, R.; Rakotomamonjy, T.; Gaspard; et al.",391,2003-03-23 00:00:00,Madagascar,K,K005434932,,,,,,,,,,,,,Not attempted,
Eremolaena sp.,K000391136,,,Sarcolaenaceae,Eremolaena,Eremolaena sp.,,,,-17.2167,49.4167,,s.coll.,16893,1957-03-21 00:00:00,Madagascar,K,K000391136,,,,,,,,,,,,,,
Eremolaena sp.,K000391133,,,Sarcolaenaceae,Eremolaena,Eremolaena sp.,,,,-24.7667,47.15,,"Rabevohitra, R.; Dumetz, N.; Gereau, R.",1942,1989-04-26 00:00:00,Madagascar,K,,,,,,,,,,,,,,,
Eremolaena sp.,K000391134,,,Sarcolaenaceae,Eremolaena,Eremolaena sp.,,,,-25.05,46.9333,,"Capuron, R.",11763,1955-02-01 00:00:00,Madagascar,K,K000391134,,,,,,,,,,,,,,
Eremolaena sp.,K000391137,,,Sarcolaenaceae,Eremolaena,Eremolaena sp.,,,,-25.0333,46.9667,,"Dorr, L.J.; Barnett, L.C.; Rakotozafy, A.; Cheek, M.R.; Razafimalala, N.",4050,1985-03-18 00:00:00,Madagascar,K,K000391137,,,,,,,,,,,,,,
Eremolaena darainensis,K001909986,,,Sarcolaenaceae,Eremolaena,Eremolaena darainensis,,,,-12.952,49.6933,,"Ranirison, P.; Nusbaumer, L.",PR 936,2005-02-17 00:00:00,Madagascar,K,K001909986,,,,,,,,,,,,,Not attempted,
Eremolaena humblotiana,K000240309,,,Sarcolaenaceae,Eremolaena,Eremolaena humblotiana,,Unknown,,,,,"Humblot, M.",245,,Madagascar,K,K000240309,,,,,,,,,,,,,,
Eremolaena humblotiana,K006871445,,,Sarcolaenaceae,Eremolaena,Eremolaena humblotiana,,,,-17.705,49.4556,,Gervais.; Andriamanantena.,72,2015-04-07 00:00:00,Madagascar,K,K006871445,,,,,,,,,,,,,Not attempted,
Eremolaena humblotiana,K006871455,,,Sarcolaenaceae,Eremolaena,Eremolaena humblotiana,,,,-17.7097,49.4564,,"Andriamanantena.; Brikinshaw, C.; Miandrimanana, C.; Gervais.",75,2015-05-20 00:00:00,Madagascar,K,K006871455,,,,,,,,,,,,,Not attempted,
Eremolaena humblotiana,K006871456,,,Sarcolaenaceae,Eremolaena,Eremolaena humblotiana,,,,-17.7092,49.4572,,"Birkinshaw, C.; Shatz, G.E.; Antilahimena, S.P.; Gervais.",2079,2015-12-04 00:00:00,Madagascar,K,K006871456,,,,,,,,,,,,,Not attempted,
Eremolaena humblotiana,K000300433,,,Sarcolaenaceae,Eremolaena,Eremolaena humblotiana,,,,,,,"Perrier de la Bâthie, J.M.H.A.",14579,,Madagascar,K,K000300433,,,,,,,,,,,,,,
Eremolaena humblotiana,K005434927,,,Sarcolaenaceae,Eremolaena,Eremolaena humblotiana,,,,,,,Humblot,[245],1882-05-13 00:00:00,Madagascar,K,K005434927,,,,,,,,,,,,,Not attempted,
Eremolaena rotundifolia,K005434931,,,Sarcolaenaceae,Eremolaena,Eremolaena rotundifolia,,,,-20.7278,48.4892,,"Rolland Ranaivojaona; Razakamalala, R.; Rogers, Z.; Stephan; et al.",687,2004-04-24 00:00:00,Madagascar,K,K005434931,,,,,,,,,,,,,Not attempted,
Eremolaena rotundifolia,K005434936,,,Sarcolaenaceae,Eremolaena,Eremolaena rotundifolia,,,,-24.5708,47.21,,"Birkinshaw, C.",1652,2006-05-25 00:00:00,Madagascar,K,K005434936,,,,,,,,,,,,,Not attempted,
Leptolaena sp.,K000300423,,,Sarcolaenaceae,Leptolaena,Leptolaena sp.,,,,,,,"Decary, R.",,1928-02-17 00:00:00,Madagascar,K,K000300423,,,,,,,,,,,,,,
Leptolaena sp.,K000381093,,,Sarcolaenaceae,Leptolaena,Leptolaena sp.,,Type,Leptolaena,,,,"Perrier de la Bâthie, J.M.H.A.",16694,,Madagascar,K,K000381093; K000381093_a,,,,,,,,,,,,,,
Leptolaena sp.,K000240321,,,Sarcolaenaceae,Leptolaena,Leptolaena sp.,,Type,Leptolaena,,,,"Perrier de la Bâthie, J.M.H.A.",3032,1905-07-01 00:00:00,Madagascar,K,K000240321,,,,,,,,,,,,,,
Leptolaena sp.,K005508225,,,Sarcolaenaceae,Leptolaena,Leptolaena sp.,,,,-22.5367,45.3744,,"Ranarivelo, T.; Roberts, D.; Cribb, P.; Razafindraibe, H.",RTI540,2007-02-17 00:00:00,Madagascar,K,K005508225,,,,,,,,,,,,,Not attempted,
Leptolaena sp.,K006920229,,,Sarcolaenaceae,Leptolaena,Leptolaena sp.,,,,,,,"Rakotoarisoa, S.E.; Andriamahay, M.",RSE 368,2005-01-20 00:00:00,Madagascar,K,K006920229,,,,,,,,,,,,,Not attempted,
Leptolaena sp.,K006960302,,,Sarcolaenaceae,Leptolaena,Leptolaena sp.,,,,-22.6286,45.3486,,"Rakotoarisoa,S.E.; Andriamahay,M.",RSE 571,2008-01-23 00:00:00,Madagascar,K,K006960302,,,,,,,,,,,,,Not attempted,
Leptolaena sp.,K006972715,,,Sarcolaenaceae,Leptolaena,Leptolaena sp.,,,,18.9455,48.4195,,"Group1 (George, A.; Kersys, A.; Smith, G.; Ticehurst, M.; Torres--Montagner, L.; Wang, D.; Rakotonirina, N.; Rakotonasoeo, F.)",25,2025-03-21 00:00:00,Madagascar,K,,,,,,,,,,,,,,Not attempted,
Leptolaena sp.,K000240315,,,Sarcolaenaceae,Leptolaena,Leptolaena sp.,,Isotype,,,,,"Perrier de la Bâthie, J.M.H.A.",3011,1910-08-04 00:00:00,Madagascar,K,K000240315,,,,,,,,,,,,,,
Leptolaena sp.,K005508228,,,Sarcolaenaceae,Leptolaena,Leptolaena sp.,,,,-15.6136,47.5892,,"Rajaovelona, L.; Rakotonasolo, F.",RJL167,2010-03-18 00:00:00,Madagascar,K,K005508228,,,,,,,,,,,,,Not attempted,
Leptolaena sp.,K005508259,,,Sarcolaenaceae,Leptolaena,Leptolaena sp.,,,,-20.5841,46.5753,,"Rakotoarisoa, S.E. : KMCC; Andriamahay, M. : SNGF",1901,2008-02-28 00:00:00,Madagascar,K,K005508259,,,,,,,,,,,,,Not attempted,
Leptolaena sp.,K005508226,,,Sarcolaenaceae,Leptolaena,Leptolaena sp.,,,,-24.75,47.3333,,"Zona, S.; Britt, A.; Dransfield, J.; Dransfield, S.; Miavatsara, G.; Randriamboavonjy, T.; Razafitsalama, J.",981,2003-11-01 00:00:00,Madagascar,K,K005508226,,,,,,,,,,,,,Not attempted,
Leptolaena sp.,K000300422,,,Sarcolaenaceae,Leptolaena,Leptolaena sp.,,,,,,,"Perrier de la Bâthie, J.M.H.A.",13604,1924-04-01 00:00:00,Madagascar,K,K000300422,,,,,,,,,,,,,,
Leptolaena sp.,K001913810,,,Sarcolaenaceae,Leptolaena,Leptolaena sp.,,,,,,,"Du Puy, B.D.; Du Puy, D.; Baum, D.",MB271,,Madagascar,K,K001913810,,,,,,,,,,,,,Not attempted,
Leptolaena sp.,K000240320,,,Sarcolaenaceae,Leptolaena,Leptolaena sp.,,Type,Xerochlamys,,,,"Perrier de la Bâthie, J.M.H.A.",1062,1900-06-01 00:00:00,Madagascar,K,K000240320,,,,,,,,,,,,,,
Leptolaena sp.,K005508227,,,Sarcolaenaceae,Leptolaena,Leptolaena sp.,,,,,,,"Baron, R. (Revd.)",6284,,Madagascar,K,K005508227,,,,,,,,,,,,,Not attempted,
Leptolaena sp.,K000489898,,,Sarcolaenaceae,Leptolaena,Leptolaena sp.,,,,-22.275,45.3667,,"Randrianasolo, A.",239,1992-07-06 00:00:00,Madagascar,K,K000489898,,,,,,,,,,,,,,
Leptolaena abrahamii,K000391103,,,Sarcolaenaceae,Leptolaena,Leptolaena abrahamii,,,,,,,"Perrier de la Bâthie, H.",5336,,Madagascar,K,K000391103,,,,,,,,,,,,,,
Leptolaena abrahamii,K000391100,,,Sarcolaenaceae,Leptolaena,Leptolaena abrahamii,,,,-18.9167,48.4167,,"Thouvenot, M.",s.n.,1919-01-01 00:00:00,Madagascar,K,K000391100,,,,,,,,,,,,,,
Leptolaena abrahamii,K005645080,,,Sarcolaenaceae,Leptolaena,Leptolaena abrahamii,,,,-18.8658,48.3056,,"Antilahimena, P.; Marcelin, T.",5901,2007-10-23 00:00:00,Madagascar,K,K005645080,,,,,,,,,,,,,Not attempted,
Leptolaena abrahamii,K000391110,,,Sarcolaenaceae,Leptolaena,Leptolaena abrahamii,,,,,,,s.coll.,14241,1955-06-13 00:00:00,Madagascar,K,K000391110,,,,,,,,,,,,,,
Leptolaena abrahamii,K000391101,,,Sarcolaenaceae,Leptolaena,Leptolaena abrahamii,,,,-18.9167,48.4167,,"Thouvenot, M.",s.n.,1919-06-20 00:00:00,Madagascar,K,K000391101,,,,,,,,,,,,,,
Leptolaena abrahamii,K005645082,,,Sarcolaenaceae,Leptolaena,Leptolaena abrahamii,,,,-18.9167,48.4167,,"Mabberley, D.J.",813,1971-03-29 00:00:00,Madagascar,K,K005645082,,,,,,,,,,,,,Not attempted,
Leptolaena abrahamii,K005645078,,,Sarcolaenaceae,Leptolaena,Leptolaena abrahamii,,,,-18.8119,48.3389,,"Razanatsoa, J.; Antilahimena, P.; Edmond, F.",154,2005-11-10 00:00:00,Madagascar,K,K005645078,,,,,,,,,,,,,Not attempted,
Leptolaena abrahamii,K005645081,,,Sarcolaenaceae,Leptolaena,Leptolaena abrahamii,,,,-18.8586,48.3017,,"Rolland Ranaivojaona; Razanatsoa, H.; Edmond, F.",1068,2005-01-14 00:00:00,Madagascar,K,K005645081,,,,,,,,,,,,,Not attempted,
Leptolaena abrahamii,K005645079,,,Sarcolaenaceae,Leptolaena,Leptolaena abrahamii,,,,-18.85,48.3211,,"Antilahimena, P.; Razanatsoa, H.; Félix",3143,2005-01-14 00:00:00,Madagascar,K,K005645079,,,,,,,,,,,,,Not attempted,
Leptolaena arenaria,K005630024,,,Sarcolaenaceae,Leptolaena,Leptolaena arenaria,,,,-16.0644,47.3647,,"Rakotoarisoa, S.E. : KMCC; Andriamahay, M. : SNGF",1452,2006-07-25 00:00:00,Madagascar,K,K005630024,,,,,,,,,,,,,,
Leptolaena arenaria,K000300427,,,Sarcolaenaceae,Leptolaena,Leptolaena arenaria,,,,,,,"Humbert, H.; Capuron, R.",25931,1951-03-31 00:00:00,Madagascar,K,K000300427,,,,,,,,,,,,,,
Leptolaena arenaria,K004043376,,,Sarcolaenaceae,Leptolaena,Leptolaena arenaria,,,,-17.3861,45.9114,,"Rakotonirina, N.; Rakotonasolo, F.; Rakotoarisoa, A.A.; Andriamanana, R.; Rafalimanana, F.; Jaonarivelo, N.",RNH 1319,2025-05-30 00:00:00,Madagascar,K,,,,,,,,,,,,,,Not attempted,
Leptolaena arenaria,K000489922,,,Sarcolaenaceae,Leptolaena,Leptolaena arenaria,,,,,,,"Capuron, R.",3053,1951-03-12 00:00:00,Madagascar,K,K000489922,,,,,,,,,,,,,,
Leptolaena arenaria,K000300428,,,Sarcolaenaceae,Leptolaena,Leptolaena arenaria,,,,,,,"Perrier de la Bâthie, J.M.H.A.",3030,1906-10-01 00:00:00,Madagascar,K,K000300428,,,,,,,,,,,,,,
Leptolaena arenaria,K000489923,,,Sarcolaenaceae,Leptolaena,Leptolaena arenaria,,,,-13.1833,49.1167,,"Humbert, H.; Cours, G.",32855,1960-02-03 00:00:00,Madagascar,K,K000489923,,,,,,,,,,,,,,
Leptolaena cuspidata,K000664936,,,Sarcolaenaceae,Leptolaena,Leptolaena cuspidata,,,,-14.1767,48.0914,,"Rakotoarisoa, S.E.; Andriamahay, M.; Rajaonarison, R.",424,2006-05-12 00:00:00,Madagascar,K,K000664936,,,,,,,,,,,,,Not attempted,
Leptolaena cuspidata,K000391094,,,Sarcolaenaceae,Leptolaena,Leptolaena cuspidata,,,,,,,"Baron, R.",6283,1892-01-01 00:00:00,Madagascar,K,K000391094,,,,,,,,,,,,,,
Leptolaena cuspidata,K005645087,,,Sarcolaenaceae,Leptolaena,Leptolaena cuspidata,,,,,,,"Decary, M.",s.n.,1939-08-01 00:00:00,Madagascar,K,K005645087; K005645087_a,,,,,,,,,,,,,Not attempted,
Leptolaena cuspidata,K001370156,,,Sarcolaenaceae,Leptolaena,Leptolaena cuspidata,,,,-16.0758,47.3528,,"Rakotoarisoa, A.A.; Randrianasolo, V.; Razafimandimby, H.; Nampiandrazana",MDG 105 83,2018-09-21 00:00:00,Madagascar,K,,,,,,,,,,,,,,Not attempted,
Leptolaena cuspidata,K005645089,,,Sarcolaenaceae,Leptolaena,Leptolaena cuspidata,,,,-13.7833,47.9947,,"Gautier, L.; Ammann, M.Y.; Madiomanana, M.C.; Tahinarivony, A.J.",LG5299,2009-11-03 00:00:00,Madagascar,K,K005645089,,,,,,,,,,,,,Not attempted,
Leptolaena cuspidata,K001037043,,,Sarcolaenaceae,Leptolaena,Leptolaena cuspidata,,,,-14.0947,48.1114,,"Rabarivola, M.L.; Vorontsova, M.S.; Razanatsoa, J.; Onjalalaina, G.E.; Nanjarisoa, O.P.",RML432,2014-05-09 00:00:00,Madagascar,K,K001037043,,,,,,,,,,,,,Not attempted,
Leptolaena cuspidata,K005645090,,,Sarcolaenaceae,Leptolaena,Leptolaena cuspidata,,,,-13.7606,47.9853,,"Bernard, R.; et al.",1317,2009-01-22 00:00:00,Madagascar,K,K005645090,,,,,,,,,,,,,Not attempted,
Leptolaena cuspidata,K005645086,,,Sarcolaenaceae,Leptolaena,Leptolaena cuspidata,,,,-14.0667,48.2833,,"Totozafy Be, S.",STB563,1996-06-06 00:00:00,Madagascar,K,K005645086,,,,,,,,,,,,,Not attempted,
Leptolaena cuspidata,K005645091,,,Sarcolaenaceae,Leptolaena,Leptolaena cuspidata,,,,-13.7664,48.0725,,"Tahinarivony, A.J.; Ammann, M.Y.; Madiomanana, M.C.",TAJ231,2009-01-18 00:00:00,Madagascar,K,K005645091,,,,,,,,,,,,,Not attempted,
Leptolaena cuspidata,K000391091,,,Sarcolaenaceae,Leptolaena,Leptolaena cuspidata,,,,-14.0667,48.2833,,"Derleth, P.",89,1994-08-20 00:00:00,Madagascar,K,K000391091,,,,,,,,,,,,,,
Leptolaena cuspidata,K005645093,,,Sarcolaenaceae,Leptolaena,Leptolaena cuspidata,,,,-14.2667,48.2667,,"Baum, D.; Litovsky, R.; Ranaivojaona, R.",333,1991-11-02 00:00:00,Madagascar,K,K005645093; K005645093_a,,,,,,,,,,,,,Not attempted,
Leptolaena cuspidata,K000240331,,,Sarcolaenaceae,Leptolaena,Leptolaena cuspidata,,Type,Leptolaena cuspidata,,,,"Baron, R.",5835,,Madagascar,K,K000240331,,,,,,,,,,,,,,
Leptolaena cuspidata,K005645083,,,Sarcolaenaceae,Leptolaena,Leptolaena cuspidata,,,,-14.0906,48.0533,,"Cable, S. : Kew; Rakotoarisoa, S.E. : KMCC; Andriamahay, M. : SNGF",1535,2006-10-28 00:00:00,Madagascar,K,K005645083,,,,,,,,,,,,,,
Leptolaena cuspidata,K005645088,,,Sarcolaenaceae,Leptolaena,Leptolaena cuspidata,,,,,,,"Birkinshaw, C.; Antilahimena, P.",1129,2001-11-20 00:00:00,Madagascar,K,K005645088,,,,,,,,,,,,,Not attempted,
Leptolaena cuspidata,K005645085,,,Sarcolaenaceae,Leptolaena,Leptolaena cuspidata,,,,-12.9557,49.6942,,"Ranirison, P.",PR645,2004-04-12 00:00:00,Madagascar,K,K005645085,,,,,,,,,,,,,Not attempted,
Leptolaena cuspidata,K005645092,,,Sarcolaenaceae,Leptolaena,Leptolaena cuspidata,,,,,,,"Gentry, A.",11870,1974-05-22 00:00:00,Madagascar,K,K005645092,,,,,,,,,,,,,Not attempted,
Leptolaena cuspidata,K000240330,,,Sarcolaenaceae,Leptolaena,Leptolaena cuspidata,,Isotype,Leptolaena cuspidata,,,,"Baron, R.",5835,,Madagascar,K,K000240330,,,,,,,,,,,,,,
Leptolaena cuspidata,K005645084,,,Sarcolaenaceae,Leptolaena,Leptolaena cuspidata,,,,,,,"Phillipson, P.",2017,1987-07-01 00:00:00,Madagascar,K,K005645084,,,,,,,,,,,,,Not attempted,
Leptolaena cuspidata,K000753419,,,Sarcolaenaceae,Leptolaena,Leptolaena cuspidata,,,,-13.2083,49.0756,,"Andriamahay, M. : SNGF; Rakotoarisoa, S.E. : KMCC",SNGF 3081,2012-11-16 00:00:00,Madagascar,K,K000753419,,,,,,,,,,,,,Not attempted,
Leptolaena delphinensis,K000391109,,,Sarcolaenaceae,Leptolaena,Leptolaena delphinensis,,,,-24.7833,47.1667,,"McPherson, G.; Dumetz, N.; Rabevohitra, R.",14142,1989-10-17 00:00:00,Madagascar,K,K000391109,,,,,,,,,,,,,,
Leptolaena delphinensis,K005645096,,,Sarcolaenaceae,Leptolaena,Leptolaena delphinensis,,,,-24.9222,47.0397,,"Rabenantoandro, J.; Lowry, P.; Rabevohitra, R.; Randrihasipara, L.; Ramisy, E.",308,2000-10-04 00:00:00,Madagascar,K,K005645096,,,,,,,,,,,,,Not attempted,
Leptolaena delphinensis,K005645097,,,Sarcolaenaceae,Leptolaena,Leptolaena delphinensis,,,,-24.95,47,,"Dumetz, N.; Gereau, R.E.; Rabevohitra, R.",683,1989-04-17 00:00:00,Madagascar,K,K005645097,,,,,,,,,,,,,Not attempted,
Leptolaena delphinensis,K005645099,,,Sarcolaenaceae,Leptolaena,Leptolaena delphinensis,,,,-24.9508,47.0008,,"Rabevohitra, R.; Ramisy, E.; Randriahasipara, L.; Rabenantoandro, J.",3701,2000-09-29 00:00:00,Madagascar,K,K005645099,,,,,,,,,,,,,Not attempted,
Leptolaena delphinensis,K005645095,,,Sarcolaenaceae,Leptolaena,Leptolaena delphinensis,,,,-24.95,47,,"Ramison, R.G.; Armand, M.",322,2007-07-06 00:00:00,Madagascar,K,K005645095,,,,,,,,,,,,,Not attempted,
Leptolaena delphinensis,K005645098,,,Sarcolaenaceae,Leptolaena,Leptolaena delphinensis,,,,-24.9353,47.0283,,"Faliniaina, L.; Rabenantoandro, J.; Ramisy, E.",80,2000-12-21 00:00:00,Madagascar,K,K005645098,,,,,,,,,,,,,Not attempted,
Leptolaena delphinensis,K005645094,,,Sarcolaenaceae,Leptolaena,Leptolaena delphinensis,,,,-24.7833,47.0333,,"Zarucchi, J.L.; Rakotobe, E.; Randrianasolo, A.; Pool, A.",7504,1991-05-26 00:00:00,Madagascar,K,K005645094,,,,,,,,,,,,,Not attempted,
Leptolaena gautieri,K005645111,,,Sarcolaenaceae,Leptolaena,Leptolaena gautieri,,,,-14.3172,49.3178,,"Razakamalala, R.; Rakotovao, C.; Landrie; José",2967,2006-11-17 00:00:00,Madagascar,K,K005645111,,,,,,,,,,,,,Not attempted,
Leptolaena gautieri,K005645108,,,Sarcolaenaceae,Leptolaena,Leptolaena gautieri,,,,-14.4008,49.8519,,"Ravelonarivo, D.; Raharivelo, D.",3560,2010-10-23 00:00:00,Madagascar,K,K005645108,,,,,,,,,,,,,Not attempted,
Leptolaena gautieri,K005645113,,,Sarcolaenaceae,Leptolaena,Leptolaena gautieri,,,,-18.8097,48.3406,,"Ravelonarivo, D.",2461,2007-06-02 00:00:00,Madagascar,K,K005645113,,,,,,,,,,,,,Not attempted,
Leptolaena gautieri,K006871465,,,Sarcolaenaceae,Leptolaena,Leptolaena gautieri,,,,,,,"Ravelonarivo, D.",1271,,Madagascar,K,K006871465,,,,,,,,,,,,,Not attempted,
Leptolaena gautieri,K001899362,,,Sarcolaenaceae,Leptolaena,Leptolaena gautieri,,,,-15.2928,50.3686,,"Razakamalala,Richard; Rakotoarisoa,S.; Antilahimena,P.; Rasolohery,A.",57,2001-02-18 00:00:00,Madagascar,K,,,,,,,,,,,,,,Not attempted,
Leptolaena gautieri,K000391104,,,Sarcolaenaceae,Leptolaena,Leptolaena gautieri,,,,-13.7167,48.3667,,"Perrier de la Bâthie, H.",3091,1909-06-01 00:00:00,Madagascar,K,K000391104,,,,,,,,,,,,,,
Leptolaena gautieri,K005645100,,,Sarcolaenaceae,Leptolaena,Leptolaena gautieri,,,,-18.8611,48.3053,,"Antilahimena, P.",3732,2005-03-16 00:00:00,Madagascar,K,K005645100,,,,,,,,,,,,,Not attempted,
Leptolaena gautieri,K001913807,,,Sarcolaenaceae,Leptolaena,Leptolaena gautieri,,,,-13.7645,47.9737,,"Rasoanaivo, N.S.; Tahinarivony, A.J.",NSR070,2012-06-12 00:00:00,Madagascar,K,K001913807,,,,,,,,,,,,,Not attempted,
Leptolaena gautieri,K005645109,,,Sarcolaenaceae,Leptolaena,Leptolaena gautieri,,,,-15.1292,49.345,,Bernard,828,2008-02-15 00:00:00,Madagascar,K,K005645109,,,,,,,,,,,,,Not attempted,
Leptolaena gautieri,K005645114,,,Sarcolaenaceae,Leptolaena,Leptolaena gautieri,,,,-19.1781,48.54,,"Rakotoarivelo, N.; et al.",347,2010-09-16 00:00:00,Madagascar,K,K005645114,,,,,,,,,,,,,Not attempted,
Leptolaena gautieri,K000664945,,,Sarcolaenaceae,Leptolaena,Leptolaena gautieri,,,,-13.1164,49.6656,,"Rakotoarisoa, S.E.; Andriamahay, M.",433,2006-05-18 00:00:00,Madagascar,K,K000664945,,,,,,,,,,,,,Not attempted,
Leptolaena gautieri,K000391092,,,Sarcolaenaceae,Leptolaena,Leptolaena gautieri,,,,-14.0333,48.3,,"Gautier, L.; Chatelain, C.",2361,1994-06-15 00:00:00,Madagascar,K,K000391092,,,,,,,,,,,,,,
Leptolaena gautieri,K005645106,,,Sarcolaenaceae,Leptolaena,Leptolaena gautieri,,,,-18.8533,48.3133,,"McPherson, G.",17467,1998-02-26 00:00:00,Madagascar,K,K005645106,,,,,,,,,,,,,Not attempted,
Leptolaena gautieri,K005630030,,,Sarcolaenaceae,Leptolaena,Leptolaena gautieri,,,,-13.0823,49.4307,,"Cable, S. : Kew; Rakotoarisoa, S.E. : KMCC; Andriamahay, M. : SNGF",1563,2006-10-31 00:00:00,Madagascar,K,K005630030,,,,,,,,,,,,,,
Leptolaena gautieri,K005645103,,,Sarcolaenaceae,Leptolaena,Leptolaena gautieri,,,,-13.2418,49.5977,,"Gautier, L.; Ranirison, P.",LG4688,2004-03-25 00:00:00,Madagascar,K,K005645103,,,,,,,,,,,,,Not attempted,
Leptolaena gautieri,K000391090,,,Sarcolaenaceae,Leptolaena,Leptolaena gautieri,,Unknown,,-14.0333,48.3,,"Gautier, L.; Be, S.T.",2920,1996-03-29 00:00:00,Madagascar,K,K000391090,,,,,,,,,,,,,,
Leptolaena gautieri,K005645105,,,Sarcolaenaceae,Leptolaena,Leptolaena gautieri,,,,-14.1,48.2833,,"Schatz, G.E.",3233,1991-03-28 00:00:00,Madagascar,K,K005645105,,,,,,,,,,,,,Not attempted,
Leptolaena gautieri,K005645112,,,Sarcolaenaceae,Leptolaena,Leptolaena gautieri,,,,-18.8475,48.3083,,"Rakotovao, C.; Edmond, F.",1718,2005-04-01 00:00:00,Madagascar,K,K005645112,,,,,,,,,,,,,Not attempted,
Leptolaena gautieri,K001913808,,,Sarcolaenaceae,Leptolaena,Leptolaena gautieri,,,,-13.7677,47.9785,,"Rasoanaivo, N.S.; Tahinarivony, A.J.",NSR088,2012-06-14 00:00:00,Madagascar,K,K001913808,,,,,,,,,,,,,Not attempted,
Leptolaena gautieri,K005645110,,,Sarcolaenaceae,Leptolaena,Leptolaena gautieri,,,,-18.4322,48.7861,,"Antilahimena, P.; Félix; Jean, R.",7641,2011-03-18 00:00:00,Madagascar,K,K005645110,,,,,,,,,,,,,Not attempted,
Leptolaena gautieri,K000953681,,,Sarcolaenaceae,Leptolaena,Leptolaena gautieri,,,,-14.0456,48.2964,,"Onjalalaina, G.E.; Vorontsova, M.; Nanjarisoa, O.P.; Razanatsoa, J.; Rabarivola, M.L.",OLG460,2014-05-12 00:00:00,Madagascar,K,K000953681,,,,,,,,,,,,,Not attempted,
Leptolaena gautieri,K000391105,,,Sarcolaenaceae,Leptolaena,Leptolaena gautieri,,,,-14.15,50.1167,,"Perrier de la Bâthie, H.",3023,1909-05-01 00:00:00,Madagascar,K,K000391105,,,,,,,,,,,,,,
Leptolaena gautieri,K005645104,,,Sarcolaenaceae,Leptolaena,Leptolaena gautieri,,,,-13.2157,49.5457,,"Gautier, L.",LG4798,2004-12-01 00:00:00,Madagascar,K,K005645104,,,,,,,,,,,,,Not attempted,
Leptolaena gautieri,K005645115,,,Sarcolaenaceae,Leptolaena,Leptolaena gautieri,,,,-12.9097,49.3178,,"Burivalova, Z.; Ranirison, P.",ZB001,2010-11-06 00:00:00,Madagascar,K,K005645115,,,,,,,,,,,,,Not attempted,
Leptolaena gautieri,K005645101,,,Sarcolaenaceae,Leptolaena,Leptolaena gautieri,,,,-18.8522,48.2953,,"Rakotovao, C.; Edmond, F.; Razafindasy, R.; Antilahimena, P.; Razanatsoa, M.",1177,2005-02-16 00:00:00,Madagascar,K,K005645101,,,,,,,,,,,,,Not attempted,
Leptolaena gautieri,K005645102,,,Sarcolaenaceae,Leptolaena,Leptolaena gautieri,,,,-18.8539,48.2997,,"Antilahimena, P.; Edmond, F.",3852,2005-09-30 00:00:00,Madagascar,K,K005645102,,,,,,,,,,,,,Not attempted,
Leptolaena gautieri,K005645107,,,Sarcolaenaceae,Leptolaena,Leptolaena gautieri,,,,-13.9833,48.4333,,"Gautier, L.; Messmer, N.; Andriatsiferana, F.",LG3510,1999-03-08 00:00:00,Madagascar,K,K005645107,,,,,,,,,,,,,Not attempted,
Leptolaena masoalensis,K000489897,,,Sarcolaenaceae,Leptolaena,Leptolaena masoalensis,,Unknown,,-15.2833,50.35,,"Rahajasoa, G.; Rabe, J.; Bernard; R.",790,1994-10-08 00:00:00,Madagascar,K,K000489897,,,,,,,,,,,,,,
Leptolaena masoalensis,K005645116,,,Sarcolaenaceae,Leptolaena,Leptolaena masoalensis,,,,,,,"Aridy, J.; Mora, J.; Bauert, M.; Born, J.; Garr, S.",JA536,2005-05-29 00:00:00,Madagascar,K,K005645116,,,,,,,,,,,,,Not attempted,
Leptolaena multiflora,K000391093,,,Sarcolaenaceae,Leptolaena,Leptolaena multiflora,,,,-24.7783,47.1708,,"Hoffmann, P.; Ranaivojaona, R.; Ralimanana, H.; Laha, R.",205,2000-10-13 00:00:00,Madagascar,K,K000391093,,,,,,,,,,,,,Not attempted,
Leptolaena multiflora,K005645125,,,Sarcolaenaceae,Leptolaena,Leptolaena multiflora,,,,,,,"Capuron, R.",8901SF,1954-01-01 00:00:00,Madagascar,K,K005645125,,,,,,,,,,,,,Not attempted,
Leptolaena multiflora,K000391095,,,Sarcolaenaceae,Leptolaena,Leptolaena multiflora,,,,,,,s.coll.,s.n.,,Madagascar,K,K000391095,,,,,,,,,,,,,,
Leptolaena multiflora,K000489900,,,Sarcolaenaceae,Leptolaena,Leptolaena multiflora,,,,,,,"Humbert, H.; Capuron, R.",25580,1951-03-01 00:00:00,Madagascar,K,K000489900,,,,,,,,,,,,,,
Leptolaena multiflora,K005645119,,,Sarcolaenaceae,Leptolaena,Leptolaena multiflora,,,,-23.1481,47.7178,,Rabevohitra,4079,2002-09-22 00:00:00,Madagascar,K,K005645119,,,,,,,,,,,,,Not attempted,
Leptolaena multiflora,K005645124,,,Sarcolaenaceae,Leptolaena,Leptolaena multiflora,,,,-23.0897,47.7536,,"Razakamalala, R.; Rakotonirina, N.; Rambo, F.; Norolalao, M.A.",2205,2005-09-20 00:00:00,Madagascar,K,K005645124,,,,,,,,,,,,,Not attempted,
Leptolaena multiflora,K000391106,,,Sarcolaenaceae,Leptolaena,Leptolaena multiflora,,,,,,,s.coll.,2746,,Madagascar,K,K000391106,,,,,,,,,,,,,,
Leptolaena multiflora,K005645118,,,Sarcolaenaceae,Leptolaena,Leptolaena multiflora,,,,-23.1886,47.6878,,"Ludovic, R.; Ratina; Mbiky, A.",906,2004-09-28 00:00:00,Madagascar,K,K005645118,,,,,,,,,,,,,Not attempted,
Leptolaena multiflora,K005645121,,,Sarcolaenaceae,Leptolaena,Leptolaena multiflora,,,,-18.5653,49.2561,,"Ludovic, R.; Randrianasolo, A.; Birkinshaw, C.; Rakotoarivony, F.; Paul",181,2002-10-25 00:00:00,Madagascar,K,K005645121,,,,,,,,,,,,,Not attempted,
Leptolaena multiflora,K005645123,,,Sarcolaenaceae,Leptolaena,Leptolaena multiflora,,,,-24.95,47,,"Bourgeois, C.",145,1999-05-04 00:00:00,Madagascar,K,K005645123,,,,,,,,,,,,,Not attempted,
Leptolaena multiflora,K000391096,,,Sarcolaenaceae,Leptolaena,Leptolaena multiflora,,,,,,,"Baron, R.",2632,1883-12-01 00:00:00,Madagascar,K,K000391096,,,,,,,,,,,,,,
Leptolaena multiflora,K001639075,,,Sarcolaenaceae,Leptolaena,Leptolaena multiflora,,,,,,,"Razafindratsima, O.H.; Randrinasolo, M.; Tafitamahandry, A.",35,2017-01-07 00:00:00,Madagascar,K,K001639075,,,,,,,,,,,,,Not attempted,
Leptolaena multiflora,K006871459,,,Sarcolaenaceae,Leptolaena,Leptolaena multiflora,,,,-23.1906,47.7214,,"Rakotoarivelo, N.H.; Tamaizafy, P.",196,2007-09-01 00:00:00,Madagascar,K,K006871459,,,,,,,,,,,,,Not attempted,
Leptolaena multiflora,K000489903,,,Sarcolaenaceae,Leptolaena,Leptolaena multiflora,,,,,,,"Humblot, M.",349,,Madagascar,K,K000489903,,,,,,,,,,,,,,
Leptolaena multiflora,K000391098,,,Sarcolaenaceae,Leptolaena,Leptolaena multiflora,,Unknown,,,,,"Blackburn, J.",s.n.,1863-01-17 00:00:00,Madagascar,K,K000391098,,,,,,,,,,,,,,
Leptolaena multiflora,K000489901,,,Sarcolaenaceae,Leptolaena,Leptolaena multiflora,,,,-13.7167,48.3667,,"Perrier de la Bâthie, H.",15677,,Madagascar,K,K000489901,,,,,,,,,,,,,,
Leptolaena multiflora,K000489904,,,Sarcolaenaceae,Leptolaena,Leptolaena multiflora,,,,,,,"Decary, M.R.",14794,,Madagascar,K,K000489904,,,,,,,,,,,,,,
Leptolaena multiflora,K000391102,,,Sarcolaenaceae,Leptolaena,Leptolaena multiflora,,,,-24.75,46.7,,"Perrier de la Bâthie, H.",14186,1921-10-01 00:00:00,Madagascar,K,K000391102,,,,,,,,,,,,,,
Leptolaena multiflora,K005645117,,,Sarcolaenaceae,Leptolaena,Leptolaena multiflora,,,,-14.9278,49.4453,,"[Ravelonarivo De¦4sire¦4]; Gerard, M.; Rasoanaivo",2997,2008-02-26 00:00:00,Madagascar,K,K005645117,,,,,,,,,,,,,Not attempted,
Leptolaena multiflora,K005645122,,,Sarcolaenaceae,Leptolaena,Leptolaena multiflora,,,,-24.95,47,,"Bourgeois, C.",145,1999-05-04 00:00:00,Madagascar,K,K005645122,,,,,,,,,,,,,Not attempted,
Leptolaena multiflora,K005645126,,,Sarcolaenaceae,Leptolaena,Leptolaena multiflora,,,,-16.8531,49.9528,,"Rabehevitra, D.; Poity",1131,2004-06-01 00:00:00,Madagascar,K,K005645126,,,,,,,,,,,,,Not attempted,
Leptolaena multiflora,K000391108,,,Sarcolaenaceae,Leptolaena,Leptolaena multiflora,,,,-17.3667,49.4167,,s.coll.,15215,1955-12-08 00:00:00,Madagascar,K,K000391108,,,,,,,,,,,,,,
Leptolaena multiflora,K000391097,,,Sarcolaenaceae,Leptolaena,Leptolaena multiflora,,Unknown,,,,,"Blackburn, J.",s.n.,1863-07-17 00:00:00,Madagascar,K,K000391097,,,,,,,,,,,,,,
Leptolaena multiflora,K000489902,,,Sarcolaenaceae,Leptolaena,Leptolaena multiflora,,,,,,,"Hildebrandt, J.M.",3306,1998-02-01 00:00:00,Madagascar,K,K000489902,,,,,,,,,,,,,,
Leptolaena multiflora,K005645120,,,Sarcolaenaceae,Leptolaena,Leptolaena multiflora,,,,-23.1539,47.7444,,"Randrianasolo, A.; Ludovic, R.",786,2003-10-15 00:00:00,Madagascar,K,K005645120,,,,,,,,,,,,,Not attempted,
Leptolaena multiflora,K000391107,,,Sarcolaenaceae,Leptolaena,Leptolaena multiflora,,,,-18.55,49.25,,"Capuron, R.",18082,1957-08-12 00:00:00,Madagascar,K,K000391107,,,,,,,,,,,,,,
Leptolaena multiflora,K000391099,,,Sarcolaenaceae,Leptolaena,Leptolaena multiflora,,Unknown,,-17.7333,49.4833,,Bojer,s.n.,,Madagascar,K,K000391099,,,,,,,,,,,,,,
Leptolaena multiflora,K000391089,,,Sarcolaenaceae,Leptolaena,Leptolaena multiflora,,,,-18.9656,48.4594,,"Labat, J.-.N.; Haevermans, T.; Rabenantoandro, J.",3068,1999-04-01 00:00:00,Madagascar,K,K000391089,,,,,,,,,,,,,,
Leptolaena pauciflora,K000489927,,,Sarcolaenaceae,Leptolaena,Leptolaena pauciflora,,,,-25,47,,"Decary, M.",4038,1926-06-15 00:00:00,Madagascar,K,K000489927,,,,,,,,,,,,,,
Leptolaena pauciflora,K005645136,,,Sarcolaenaceae,Leptolaena,Leptolaena pauciflora,,,,,,,"Gentry, A.",11363,1974-04-28 00:00:00,Madagascar,K,K005645136,,,,,,,,,,,,,Not attempted,
Leptolaena pauciflora,K005508223,,,Sarcolaenaceae,Leptolaena,Leptolaena pauciflora,,,,-20.6,46.5333,,"Rabenantoandro, J.; Birkinshaw, C.; Camara, C.",62,1999-03-06 00:00:00,Madagascar,K,K005508223,,,,,,,,,,,,,Not attempted,
Leptolaena pauciflora,K000240323,,,Sarcolaenaceae,Leptolaena,Leptolaena pauciflora,,Type,Leptolaena turbinata,,,,"Baron, R.",1560,,Madagascar,K,K000240323,,,,,,,,,,,,,,
Leptolaena pauciflora,K005508212,,,Sarcolaenaceae,Leptolaena,Leptolaena pauciflora,,,,-24.9232,47.0321,,"Tsiatrefy, Gil : QMM",M1094,2006-11-21 00:00:00,Madagascar,K,K005508212,,,,,,,,,,,,,,
Leptolaena pauciflora,K000489931,,,Sarcolaenaceae,Leptolaena,Leptolaena pauciflora,,,,-25,47,,"Keraudren-Aymonin, M.; Aymonin, G.G.",24997,1970-10-19 00:00:00,Madagascar,K,K000489931,,,,,,,,,,,,,,
Leptolaena pauciflora,K000489906,,,Sarcolaenaceae,Leptolaena,Leptolaena pauciflora,,,,-20.6017,46.5717,,"Messmer, N.; Andriatsiferana, F.",781,1999-02-05 00:00:00,Madagascar,K,K000489906,,,,,,,,,,,,,,
Leptolaena parviflora,K005508201,,,Sarcolaenaceae,Leptolaena,Leptolaena parviflora,,,,-18.595,49.2339,,"Rabevohitra, R.; Lowry, P.; Rabenantoandro, J.; Razakamalala, R.",4392,2003-02-10 00:00:00,Madagascar,K,K005508201,,,,,,,,,,,,,Not attempted,
Leptolaena pauciflora,K005508210,,,Sarcolaenaceae,Leptolaena,Leptolaena pauciflora,,,,-20.1633,47.0394,,"Koopman, M.M.; Andriamihaiarivo, T.",194,2003-02-24 00:00:00,Madagascar,K,K005508210,,,,,,,,,,,,,Not attempted,
Leptolaena pauciflora,K000489914,,,Sarcolaenaceae,Leptolaena,Leptolaena pauciflora,,,,,,,s.coll.,19874,,Madagascar,K,K000489914,,,,,,,,,,,,,,
Leptolaena pauciflora,K000240329,,,Sarcolaenaceae,Leptolaena,Leptolaena pauciflora,,Unknown,,,,,Meller,s.n.,1862-07-01 00:00:00,Madagascar,K,K000240329,,,,,,,,,,,,,,
Leptolaena pauciflora,K005645133,,,Sarcolaenaceae,Leptolaena,Leptolaena pauciflora,,,,-18.85,49.1333,,"Schatz, G.E.; Lowry, P.P.",1320,1987-04-04 00:00:00,Madagascar,K,K005645133,,,,,,,,,,,,,Not attempted,
Leptolaena pauciflora,K000489919,,,Sarcolaenaceae,Leptolaena,Leptolaena pauciflora,,,,,,,Toto ou Anjauwjawa,5625,1952-05-18 00:00:00,Madagascar,K,K000489919,,,,,,,,,,,,,,
Leptolaena pauciflora,K000489932,,,Sarcolaenaceae,Leptolaena,Leptolaena pauciflora,,,,-19.5333,47.5,,"Goldblatt, P.",29218,1975-01-23 00:00:00,Madagascar,K,K000489932,,,,,,,,,,,,,,
Leptolaena pauciflora,K005645127,,,Sarcolaenaceae,Leptolaena,Leptolaena pauciflora,,,,-24.9167,47.0167,,"Bourgeois, C.",157,1999-05-06 00:00:00,Madagascar,K,K005645127,,,,,,,,,,,,,Not attempted,
Leptolaena pauciflora,K005645128,,,Sarcolaenaceae,Leptolaena,Leptolaena pauciflora,,,,,,,"Bourgeois, C.",157,1999-05-06 00:00:00,Madagascar,K,K005645128,,,,,,,,,,,,,Not attempted,
Leptolaena pauciflora,K000240328,,,Sarcolaenaceae,Leptolaena,Leptolaena pauciflora,,Lectotype,Leptolaena pauciflora,,,,"Baron, R.",1390,,Madagascar,K,K000240328,,,,,,,,,,,,,,
Leptolaena pauciflora,K000664259,,,Sarcolaenaceae,Leptolaena,Leptolaena pauciflora,,,,-20.6633,47.1269,,"Rakotoarisoa, S.E.; Andriamahay, M.",627,2009-02-08 00:00:00,Madagascar,K,K000664259,,,,,,,,,,,,,Not attempted,
Leptolaena pauciflora,K000753017,,,Sarcolaenaceae,Leptolaena,Leptolaena pauciflora,,,,-23.1758,47.6911,,"Ralimanana, H.; Rakotonasolo, F.; Rapanarivo, S.H.; Razafimandimby, J.J.; Ranary; André",RLI 1691,2012-06-06 00:00:00,Madagascar,K,K000753017,,,,,,,,,,,,,Not attempted,
Leptolaena pauciflora,K000953765,,,Sarcolaenaceae,Leptolaena,Leptolaena pauciflora,,,,-20.5767,46.5806,,"Rabarivola, M.L.; Rakotonasolo, F.; Rajaovelona, L.; Onjalalaina, G.E.; Rakotovao, A.",RML218,2014-01-13 00:00:00,Madagascar,K,K000953765,,,,,,,,,,,,,Not attempted,
Leptolaena pauciflora,K001304259,,,Sarcolaenaceae,Leptolaena,Leptolaena pauciflora,,,,-20.5031,46.5522,,"Rakotonasolo, F.; Rajaovelona, L.",MDG113_7 45,2019-02-23 00:00:00,Madagascar,K,,,,,,,,,,,,,,Not attempted,
Leptolaena pauciflora,K001303610,,,Sarcolaenaceae,Leptolaena,Leptolaena pauciflora,,,,-20.4567,46.8,,"Rajaovelona, L.R.; Rakotonasolo, F.; Rakotoarisoa, A.A.; Ranaivomanana, T.; Andry Ny Aina, T.N.A.",MDG05-12-19 70,2019-12-13 00:00:00,Madagascar,K,,,,,,,,,,,,,,Not attempted,
Leptolaena pauciflora,K001521890,,,Sarcolaenaceae,Leptolaena,Leptolaena pauciflora,,,,-20.595,46.5639,,"Rakotonasolo, F.; Rajaovelona, L.; Rakotoarisoa, A.A.; Rahaingoson, F.R.; Razanandrakoto, H.",MDG 113_8 200,2019-05-28 00:00:00,Madagascar,K,,,,,,,,,,,,,,Not attempted,
Leptolaena pauciflora,K001304884,,,Sarcolaenaceae,Leptolaena,Leptolaena pauciflora,,,,-20.5458,46.5789,,"Rajaovelona, L.R.; Rakotonasolo, F.; Rakotoarisoa, A.A.; Ranaivomanana, T.; Andry Ny Aina, T.N.A.; Rasaminirina, F.; Rakotondrasoa, V.; Razafimahatratra, E.J.",MDG113-12-19 186,2019-12-09 00:00:00,Madagascar,K,,,,,,,,,,,,,,Not attempted,
Leptolaena pauciflora,K001522163,,,Sarcolaenaceae,Leptolaena,Leptolaena pauciflora,,,,-20.5539,46.5556,,"Rajaovelona, L.R.; Rakotonasolo, F.; Rakotoarisoa, A.A.; Ramaromanana, S.",MDG113_18 70,2018-11-13 00:00:00,Madagascar,K,,,,,,,,,,,,,,Not attempted,
Leptolaena pauciflora,K001303253,,,Sarcolaenaceae,Leptolaena,Leptolaena pauciflora,,,,-20.5572,46.4544,,"Rakotonasolo, F.; Randrianasolo, V.; Rajaovelona, L.",MDG113_18 120,2018-09-03 00:00:00,Madagascar,K,,,,,,,,,,,,,,Not attempted,
Leptolaena pauciflora,K001303158,,,Sarcolaenaceae,Leptolaena,Leptolaena pauciflora,,,,-20.6378,46.8539,,"Rakotonasolo, F.; Onjalalaina, G.E.; Rakotomalala, N.H.; Rabemananjara, A.; Ranaivomanana, T.",MDG0502 34,2018-05-12 00:00:00,Madagascar,K,,,,,,,,,,,,,,Not attempted,
Leptolaena pauciflora,K001303245,,,Sarcolaenaceae,Leptolaena,Leptolaena pauciflora,,,,-20.6147,46.9164,,"Rakotonasolo, F.; Rajaovelona, L.; Rakotoarisoa, A.; Razanandrakoto, H.",MDG05-12-19 199,2019-12-16 00:00:00,Madagascar,K,K001303245,,,,,,,,,,,,,Not attempted,
Leptolaena pauciflora,K006871458,,,Sarcolaenaceae,Leptolaena,Leptolaena pauciflora,,,,-23.1917,47.7122,,"Rakotoarivelo, N.H.; Tamaizafy, P.",215,2007-09-02 00:00:00,Madagascar,K,K006871458,,,,,,,,,,,,,Not attempted,
Leptolaena pauciflora,K000953858,,,Sarcolaenaceae,Leptolaena,Leptolaena pauciflora,,,,,,,"Raharimampionona, J; Randriamboavonjy,T; Ratovonirina,G; Rakotonirina, J.N.P.",JNI 478,2013-04-17 00:00:00,Madagascar,K,K000953858,,,,,,,,,,,,,Not attempted,
Leptolaena pauciflora,K006920201,,,Sarcolaenaceae,Leptolaena,Leptolaena pauciflora,,,,-18.1979,47.2842,,"Almeda, F.; Ranarivelo, H.; Randriambololona, T.",8638,2004-03-07 00:00:00,Madagascar,K,K006920201,,,,,,,,,,,,,Not attempted,
Leptolaena pauciflora,K000953830,,,Sarcolaenaceae,Leptolaena,Leptolaena pauciflora,,,,-20.5639,46.5825,,"Randriamboavonjy,T.; Razafindrabe,H.; Ravaoarisoa,S.; Lazasoa,M.J.; Randrianirina,N.",RTI 1255,2014-03-30 00:00:00,Madagascar,K,K000953830,,,,,,,,,,,,,Not attempted,
Leptolaena pauciflora,K006960690,,,Sarcolaenaceae,Leptolaena,Leptolaena pauciflora,,,,-22.9733,47.7031,,"Raharimampionona, J.",673,2023-06-10 00:00:00,Madagascar,K,,,,,,,,,,,,,,Not attempted,
Leptolaena pauciflora,K005508209,,,Sarcolaenaceae,Leptolaena,Leptolaena pauciflora,,,,-20.6589,47.1108,,"Andriamihajarivo, T.",52,2001-11-09 00:00:00,Madagascar,K,K005508209,,,,,,,,,,,,,Not attempted,
Leptolaena pauciflora,K005508218,,,Sarcolaenaceae,Leptolaena,Leptolaena pauciflora,,,,-23.1722,47.7011,,"McPherson, G.; Rabenantoandro, J.",18281,2001-11-01 00:00:00,Madagascar,K,K005508218,,,,,,,,,,,,,Not attempted,
Leptolaena pauciflora,K005508224,,,Sarcolaenaceae,Leptolaena,Leptolaena pauciflora,,,,-24.6667,46.8,,"Randriamampionona, B.",331,1993-05-04 00:00:00,Madagascar,K,K005508224,,,,,,,,,,,,,Not attempted,
Leptolaena pauciflora,K000489930,,,Sarcolaenaceae,Leptolaena,Leptolaena pauciflora,,,,-19.85,47.0333,,"Humbert, H.",7111,1928-12-24 00:00:00,Madagascar,K,K000489930,,,,,,,,,,,,,,
Leptolaena pauciflora,K000751472,,,Sarcolaenaceae,Leptolaena,Leptolaena pauciflora,,,,-20.5136,46.5594,,"Randriamboavonjy, T.; Rajaovelona, L.R.; Ratovonirina, G.",RTI935,2011-09-23 00:00:00,Madagascar,K,K000751472,,,,,,,,,,,,,Not attempted,
Leptolaena pauciflora,K005645137,,,Sarcolaenaceae,Leptolaena,Leptolaena pauciflora,,,,-18.3667,47.7833,,"Zarucchi, J.; Rakotobe, E.; Randrianasolo, A.; Pool, A.",7345,1991-05-07 00:00:00,Madagascar,K,K005645137,,,,,,,,,,,,,Not attempted,
Leptolaena pauciflora,K005645131,,,Sarcolaenaceae,Leptolaena,Leptolaena pauciflora,,,,-20.3661,48.6042,,"Razakamalala, R.; Ranaivojaona, R.; Velomahatratra",1401,2004-06-13 00:00:00,Madagascar,K,K005645131,,,,,,,,,,,,,Not attempted,
Leptolaena pauciflora,K000240325,,,Sarcolaenaceae,Leptolaena,Leptolaena pauciflora,,Type,Leptolaena rubella,,,,"Scott Elliot, G.F.",2369,,Madagascar,K,K000240325,,,,,,,,,,,,,,
Leptolaena parviflora,K005508203,,,Sarcolaenaceae,Leptolaena,Leptolaena parviflora,,,,-20.6186,46.5986,,"Antilahimena, P.; Andriamihajarivo, T.",2448,2003-12-20 00:00:00,Madagascar,K,K005508203,,,,,,,,,,,,,Not attempted,
Leptolaena pauciflora,K005508219,,,Sarcolaenaceae,Leptolaena,Leptolaena pauciflora,,,,-24.5711,47.2014,,"Razakamalala, R.; Rabenantoandro, J.; Randriatafika, F.; Roger; Mara, B.",4121,2008-04-01 00:00:00,Madagascar,K,K005508219,,,,,,,,,,,,,Not attempted,
Leptolaena pauciflora,K005508211,,,Sarcolaenaceae,Leptolaena,Leptolaena pauciflora,,,,-18.3833,47.95,,"Razafimandimbison, S.G.; Raharilala, J.; Raherivololona, E.; Rafamantanantsoa, G.; Rapanarivo, S.",3,1993-11-01 00:00:00,Madagascar,K,K005508211,,,,,,,,,,,,,Not attempted,
Leptolaena parviflora,K005508204,,,Sarcolaenaceae,Leptolaena,Leptolaena parviflora,,,,-18.1053,47.2453,,"Hongwa, C.; Andriamihajarivo, T.; Ravalimanarivo, N.L.; Rasolofonirina, J.J.",389,2005-07-06 00:00:00,Madagascar,K,K005508204,,,,,,,,,,,,,Not attempted,
Leptolaena pauciflora,K000240327,,,Sarcolaenaceae,Leptolaena,Leptolaena pauciflora,,Unknown,,,,,"Scott Elliot, G.F.",2713,,Madagascar,K,K000240327,,,,,,,,,,,,,,
Leptolaena pauciflora,K000489928,,,Sarcolaenaceae,Leptolaena,Leptolaena pauciflora,,,,-24.3667,47.1667,,"Humbert, H.",20623,1947-03-20 00:00:00,Madagascar,K,K000489928,,,,,,,,,,,,,,
Leptolaena pauciflora,K005645132,,,Sarcolaenaceae,Leptolaena,Leptolaena pauciflora,,,,-24.95,47.1,,"Gereau, R.E.; Dumetz, N.; Rabevohitra, R.",3294,1989-03-17 00:00:00,Madagascar,K,K005645132,,,,,,,,,,,,,Not attempted,
Leptolaena pauciflora,K005508221,,,Sarcolaenaceae,Leptolaena,Leptolaena pauciflora,,,,-17.5475,48.7311,,"Andrianiafy, N.M.; Rasolohery, A.; Razafitsalama, J.; Rakotonandrasana, S.; Rakotondrajaona, R.; Randrianjanaka, L.; Doany",362,2002-12-02 00:00:00,Madagascar,K,K005508221,,,,,,,,,,,,,Not attempted,
Leptolaena pauciflora,K000489912,,,Sarcolaenaceae,Leptolaena,Leptolaena pauciflora,,,,,,,"Decary, M.R.",14927,1939-08-10 00:00:00,Madagascar,K,K000489912,,,,,,,,,,,,,,
Leptolaena pauciflora,K000489916,,,Sarcolaenaceae,Leptolaena,Leptolaena pauciflora,,,,-20.55,46.8,,s.coll.,14047,1955-01-07 00:00:00,Madagascar,K,K000489916,,,,,,,,,,,,,,
Leptolaena pauciflora,K000489915,,,Sarcolaenaceae,Leptolaena,Leptolaena pauciflora,,,,,,,Aubonitra,2159,1960-03-20 00:00:00,Madagascar,K,K000489915,,,,,,,,,,,,,,
Leptolaena pauciflora,K005508222,,,Sarcolaenaceae,Leptolaena,Leptolaena pauciflora,,,,-24.5925,47.2144,,"Randriatafika, F.; Antilahimena, P.; Rajoharison, R.",658,2006-05-22 00:00:00,Madagascar,K,K005508222,,,,,,,,,,,,,Not attempted,
Leptolaena parviflora,K005508206,,,Sarcolaenaceae,Leptolaena,Leptolaena parviflora,,,,-24.5703,47.2006,,"Birkinshaw, C.; Rabenatoandro, J.; Mara-Berge; Mara-Palis",1625,2006-05-21 00:00:00,Madagascar,K,K005508206,,,,,,,,,,,,,Not attempted,
Leptolaena pauciflora,K000489910,,,Sarcolaenaceae,Leptolaena,Leptolaena pauciflora,,,,-18.8167,47.6,,"Gentry, A.",11836,1974-05-19 00:00:00,Madagascar,K,K000489910,,,,,,,,,,,,,,
Leptolaena pauciflora,K000489913,,,Sarcolaenaceae,Leptolaena,Leptolaena pauciflora,,,,-20.65,47.1167,,"Humbert, H.",14477,1934-03-01 00:00:00,Madagascar,K,K000489913,,,,,,,,,,,,,,
Leptolaena pauciflora,K005508217,,,Sarcolaenaceae,Leptolaena,Leptolaena pauciflora,,,,-18.3964,47.9358,,"Ralimanana, H.; Rakotonasolo, F.; Andrianaivoravelona, B.",213,2002-07-21 00:00:00,Madagascar,K,K005508217,,,,,,,,,,,,,Not attempted,
Leptolaena pauciflora,K005645140,,,Sarcolaenaceae,Leptolaena,Leptolaena pauciflora,,,,-20.6333,47.0667,,"Leeuwenberg, A.J.M.; Rafamantananantsoa, G.R.",14443,1994-02-14 00:00:00,Madagascar,K,K005645140,,,,,,,,,,,,,Not attempted,
Leptolaena pauciflora,K005645139,,,Sarcolaenaceae,Leptolaena,Leptolaena pauciflora,,,,-18.4,47.9,,"Leeuwenberg, A.J.M.; Rapanarivo, S.",14648,1995-08-20 00:00:00,Madagascar,K,K005645139,,,,,,,,,,,,,Not attempted,
Leptolaena pauciflora,K005645130,,,Sarcolaenaceae,Leptolaena,Leptolaena pauciflora,,,,-18.5422,49.2425,,"Birkinshaw, C.; Rakotoarivony, F.",1154,2002-10-28 00:00:00,Madagascar,K,K005645130,,,,,,,,,,,,,Not attempted,
Leptolaena pauciflora,K000489926,,,Sarcolaenaceae,Leptolaena,Leptolaena pauciflora,,,,-20.65,47.1167,,"Decary, M.R.",14033,1939-05-27 00:00:00,Madagascar,K,K000489926,,,,,,,,,,,,,,
Leptolaena parviflora,K005508205,,,Sarcolaenaceae,Leptolaena,Leptolaena parviflora,,,,-20.185,47.09,,"Jongkind, C.H.; Rapanarivo, S.",932,1993-05-16 00:00:00,Madagascar,K,K005508205,,,,,,,,,,,,,Not attempted,
Leptolaena pauciflora,K000489909,,,Sarcolaenaceae,Leptolaena,Leptolaena pauciflora,,,,-20.4167,47.0833,,"Dorr, L.J.; Rakotozafy; Cheek, M.R.; Razafimalala",3842,1985-03-06 00:00:00,Madagascar,K,K000489909,,,,,,,,,,,,,,
Leptolaena pauciflora,K000240322,,,Sarcolaenaceae,Leptolaena,Leptolaena pauciflora,,Unknown,,,,,"Baron, R.",2624,,Madagascar,K,K000240322,,,,,,,,,,,,,,
Leptolaena pauciflora,K001913802,,,Sarcolaenaceae,Leptolaena,Leptolaena pauciflora,,,,-24.9167,47.0167,,"Bourgeois, C.",157,1999-05-06 00:00:00,Madagascar,K,K001913802,,,,,,,,,,,,,Not attempted,
Leptolaena pauciflora,K005645135,,,Sarcolaenaceae,Leptolaena,Leptolaena pauciflora,,,,-18.3667,48,,"Lowry II, P.P.; Randrianasolo, J.",4397,1988-03-31 00:00:00,Madagascar,K,K005645135; K005645135_a,,,,,,,,,,,,,Not attempted,
Leptolaena pauciflora,K000663437,,,Sarcolaenaceae,Leptolaena,Leptolaena pauciflora,,,,-20.6172,46.5564,,"Andrianaivoravelona, B.; Rakotoarinivo, M.; Ratovonirina, G.; Rajaonarison, R.; Fety",ANB348,2010-08-20 00:00:00,Madagascar,K,K000663437,,,,,,,,,,,,,Not attempted,
Leptolaena pauciflora,K005508220,,,Sarcolaenaceae,Leptolaena,Leptolaena pauciflora,,,,-17.5464,48.7392,,"Randrianjanaka, L.M.; Ratovoson, F.; Rakotondrajaona, R.; Rakotonandrasana, S.; Randrianiafy, N.M.",627,2001-09-29 00:00:00,Madagascar,K,K005508220,,,,,,,,,,,,,Not attempted,
Leptolaena pauciflora,K001588209,,,Sarcolaenaceae,Leptolaena,Leptolaena pauciflora,,,,-24.9359,47.0287,,"Razafindretrano, Eliva; Tsiatrefy, Gil : QMM",M1506,2007-09-19 00:00:00,Madagascar,K,K001588209,,,,,,,,,,,,,Not attempted,
Leptolaena pauciflora,K000489908,,,Sarcolaenaceae,Leptolaena,Leptolaena pauciflora,,,,-19.85,47.0333,,"Barnett, L.; Dorr, L.J.; Cheek, M.R.; Rakotozafy, A.; Razafimalala, N.",502,1985-03-05 00:00:00,Madagascar,K,K000489908,,,,,,,,,,,,,,
Leptolaena pauciflora,K000240326,,,Sarcolaenaceae,Leptolaena,Leptolaena pauciflora,,Lectotype,,,,,"Scott Elliot, G.F.",2554,,Madagascar,K,K000240326,,,,,,,,,,,,,,
Leptolaena pauciflora,K005645134,,,Sarcolaenaceae,Leptolaena,Leptolaena pauciflora,,,,-18.3667,48,,"Lowry II, P.P.; Randrianasolo, J.",4375,1988-03-31 00:00:00,Madagascar,K,K005645134; K005645134_a,,,,,,,,,,,,,Not attempted,
Leptolaena pauciflora,K005508207,,,Sarcolaenaceae,Leptolaena,Leptolaena pauciflora,,,,-20.1783,47.09,,"Jongkind, C.H.; Rapanarivo, S.",828,1993-05-11 00:00:00,Madagascar,K,K005508207,,,,,,,,,,,,,Not attempted,
Leptolaena pauciflora,K000489907,,,Sarcolaenaceae,Leptolaena,Leptolaena pauciflora,,,,-20.2361,47.0997,,"Labat, J.-.N.; Haevermans, T.; Rabenantoandro, J.",3010,1999-03-23 00:00:00,Madagascar,K,K000489907,,,,,,,,,,,,,,
Leptolaena pauciflora,K005508216,,,Sarcolaenaceae,Leptolaena,Leptolaena pauciflora,,,,-24.9544,46.9733,,"Hong Wa, C.; Ludovic, R.; Brunot, M.",6,2001-11-10 00:00:00,Madagascar,K,K005508216,,,,,,,,,,,,,Not attempted,
Leptolaena pauciflora,K005645129,,,Sarcolaenaceae,Leptolaena,Leptolaena pauciflora,,,,-24.4958,47.0978,,"Razakamalala, R.; Ramison, R.G.; Mahatsiaro, S.",4625,2009-11-16 00:00:00,Madagascar,K,K005645129,,,,,,,,,,,,,Not attempted,
Leptolaena pauciflora,K000489921,,,Sarcolaenaceae,Leptolaena,Leptolaena pauciflora,,,,-24.8,46.6833,,"Humbert, H.",14080,1934-02-01 00:00:00,Madagascar,K,K000489921,,,,,,,,,,,,,,
Leptolaena pauciflora,K005508208,,,Sarcolaenaceae,Leptolaena,Leptolaena pauciflora,,,,-23.1481,47.7178,,"Rabevohitra, R.; Rabenantoandro, J.; Razakamalala, R.",4078,2002-09-22 00:00:00,Madagascar,K,K005508208,,,,,,,,,,,,,Not attempted,
Leptolaena pauciflora,K000489920,,,Sarcolaenaceae,Leptolaena,Leptolaena pauciflora,,,,-24.75,46.7,,"Humbert, H.",13835,1934-02-01 00:00:00,Madagascar,K,K000489920,,,,,,,,,,,,,,
Leptolaena pauciflora,K000240324,,,Sarcolaenaceae,Leptolaena,Leptolaena pauciflora,,Isotype,,,,,"Baron, R.",1560,,Madagascar,K,K000240324,,,,,,,,,,,,,,
Leptolaena pauciflora,K005508213,,,Sarcolaenaceae,Leptolaena,Leptolaena pauciflora,,,,-18.8333,49.15,,"Phillipson, P.",1850,1987-06-07 00:00:00,Madagascar,K,K005508213,,,,,,,,,,,,,Not attempted,
Leptolaena pauciflora,K005645138,,,Sarcolaenaceae,Leptolaena,Leptolaena pauciflora,,,,-18.3667,48,,"Schatz, G.E.; Rajaobelina, S.; Mittermeier, R.",2691,1990-02-10 00:00:00,Madagascar,K,K005645138,,,,,,,,,,,,,Not attempted,
Leptolaena pauciflora,K000489917,,,Sarcolaenaceae,Leptolaena,Leptolaena pauciflora,,,,-24.95,46.9833,,s.coll.,7820,1953-10-26 00:00:00,Madagascar,K,K000489917,,,,,,,,,,,,,,
Leptolaena pauciflora,K000489929,,,Sarcolaenaceae,Leptolaena,Leptolaena pauciflora,,,,-18.9,49.1333,,"Zarucchi, J.L.; Rakotobe, E.; Randrianasolo, A.; Pool, A.",7411,1991-05-14 00:00:00,Madagascar,K,K000489929,,,,,,,,,,,,,,
Leptolaena pauciflora,K000489918,,,Sarcolaenaceae,Leptolaena,Leptolaena pauciflora,,,,-18.15,47.2,,"Decary, M.R.",17214,1942-01-03 00:00:00,Madagascar,K,K000489918,,,,,,,,,,,,,,
Leptolaena pauciflora,K005508215,,,Sarcolaenaceae,Leptolaena,Leptolaena pauciflora,,,,-20.0658,47.0006,,"Hong Wa, C.; Rabevohitra, D.A.; Birkinshaw, C.; Andriamihajarivo, T.",2,2001-11-02 00:00:00,Madagascar,K,K005508215,,,,,,,,,,,,,Not attempted,
Leptolaena pauciflora,K000489911,,,Sarcolaenaceae,Leptolaena,Leptolaena pauciflora,,,,-18.15,47.2,,"Perrier de la Bâthie, H.",5337,1913-09-01 00:00:00,Madagascar,K,K000489911,,,,,,,,,,,,,,
Leptolaena parviflora,K005508202,,,Sarcolaenaceae,Leptolaena,Leptolaena parviflora,,,,-23.1703,47.7242,,"Rabehevitra, D.; Razakamalala, R.; Dely, I.",459,2003-08-26 00:00:00,Madagascar,K,K005508202,,,,,,,,,,,,,Not attempted,
Leptolaena pauciflora,K000489905,,,Sarcolaenaceae,Leptolaena,Leptolaena pauciflora,,,,-24.9381,47.0283,,"Porter, P.; Lowry II, P.P.; Rabevohitra, R.; Rabenantoandro, J.",5215,2000-09-28 00:00:00,Madagascar,K,K000489905,,,,,,,,,,,,,,
Leptolaena pauciflora,K005645141,,,Sarcolaenaceae,Leptolaena,Leptolaena pauciflora,,,,-18.8167,49.15,,"Leeuwenberg, A.J.M.; Ranaivojaona, R.",14589,1995-07-31 00:00:00,Madagascar,K,K005645141,,,,,,,,,,,,,Not attempted,
Leptolaena raymondii,K001208183,,,Sarcolaenaceae,Leptolaena,Leptolaena raymondii,,Type,Leptolaena raymondii,-17.6333,49.4833,,"Randrianasolo, A.; Ranaivojaona, R.",638,1999-11-10 00:00:00,Madagascar,K,K001208183,,,,,,,,,,,,,,
Leptolaena raymondii,K001622496,,,Sarcolaenaceae,Leptolaena,Leptolaena raymondii,,,,,,,"Rakotonasolo, F.; Randrianasolo, M.",RNF 509,2002-11-10 00:00:00,Madagascar,K,K001622496,,,,,,,,,,,,,Not attempted,
Mediusella sp.,K005630021,,,Sarcolaenaceae,Mediusella,Mediusella sp.,,,,,,,s.coll.,10437,,Madagascar,K,K005630021,,,,,,,,,,,,,Not attempted,
Mediusella sp.,K001913806,,,Sarcolaenaceae,Mediusella,Mediusella sp.,,,,-12.9106,49.3233,,"Burivalova, Z.",ZB149,2010-01-05 00:00:00,Madagascar,K,K001913806,,,,,,,,,,,,,Not attempted,
Mediusella sp.,K001370628,,,Sarcolaenaceae,Mediusella,Mediusella sp.,,,,-16.0444,47.3781,,"Rakotoarisoa, A.A.; Randrianasolo, V.; Razafimandimby, H.; Nampiandrazana",MDG 105 27,2018-09-19 00:00:00,Madagascar,K,,,,,,,,,,,,,,Not attempted,
Mediusella sp.,K001521209,,,Sarcolaenaceae,Mediusella,Mediusella sp.,,,,-15.6908,47.4939,,"Rakotoarison, F.; Bernard, V.M.",FEN 1358,2020-11-19 00:00:00,Madagascar,K,,,,,,,,,,,,,,Not attempted,
Mediusella sp.,K005630023,,,Sarcolaenaceae,Mediusella,Mediusella sp.,,,,-13.1925,49.0758,,"Hongwa, C.; Ratovoson, F.; Leopold, J.B.",251,2005-05-29 00:00:00,Madagascar,K,K005630023,,,,,,,,,,,,,Not attempted,
Mediusella sp.,K005630022,,,Sarcolaenaceae,Mediusella,Mediusella sp.,,,,-15.9514,47.4358,,"Razakamalala, R.; Ramananjanahary, R.; Mirôvisy",1820,2004-12-06 00:00:00,Madagascar,K,K005630022,,,,,,,,,,,,,Not attempted,
Mediusella sp.,K005630020,,,Sarcolaenaceae,Mediusella,Mediusella sp.,,,,,,,"Capuron, R.",23413-SF,1964-03-09 00:00:00,Madagascar,K,K005630020,,,,,,,,,,,,,Not attempted,
Mediusella bernieri,K005630034,,,Sarcolaenaceae,Mediusella,Mediusella bernieri,,,,,,,"Razafitsalama, L.J.; Ludovic, R.",8,2001-02-24 00:00:00,Madagascar,K,K005630034,,,,,,,,,,,,,Not attempted,
Leptolaena bernieri,K000489924,,,Sarcolaenaceae,Leptolaena,Leptolaena bernieri,,,,-12.5833,49.4167,,"Capuron, R.",23317,1964-02-26 00:00:00,Madagascar,K,K000489924,,,,,,,,,,,,,,
Mediusella bernieri,K001037570,,,Sarcolaenaceae,Mediusella,Mediusella bernieri,,,,-12.9107,49.3227,,"Andriamahay, M. : SNGF; Rakotoarinivo, M. : KMCC",SNGF 3631,2015-07-28 00:00:00,Madagascar,K,K001037570,,,,,,,,,,,,,Not attempted,
Mediusella bernieri,K005630033,,,Sarcolaenaceae,Mediusella,Mediusella bernieri,,,,-12.6311,49.5233,,"Birkinshaw, C.; Andrianjafy, M.; Rafaralahy, E.",1597,2006-02-24 00:00:00,Madagascar,K,K005630033,,,,,,,,,,,,,Not attempted,
Mediusella bernieri,K005630038,,,Sarcolaenaceae,Mediusella,Mediusella bernieri,,,,-12.9145,49.657,,"Nusbaumer, L.; Ranirison, P.",LN1534,2005-03-03 00:00:00,Madagascar,K,K005630038,,,,,,,,,,,,,Not attempted,
Mediusella bernieri,K005630028,,,Sarcolaenaceae,Mediusella,Mediusella bernieri,,,,-13.0715,49.5875,,"Gautier, L.; Wohlhauser, S.; Nusbaumer, L.; Ranirison, P.",LG4424,2004-03-05 00:00:00,Madagascar,K,K005630028,,,,,,,,,,,,,Not attempted,
Mediusella bernieri,K000664952,,,Sarcolaenaceae,Mediusella,Mediusella bernieri,,,,-16.0592,47.3675,,"Rakotoarisoa, S.E.; Andriamahay, M.",440,2006-07-25 00:00:00,Madagascar,K,K000664952; K000664952_a,,,,,,,,,,,,,Not attempted,
Mediusella bernieri,K005630025,,,Sarcolaenaceae,Mediusella,Mediusella bernieri,,,,-12.6067,49.4392,,"Be, J.; Guittou, R.; Razafitsalama, L.J.; Mbala, B.",52,2004-07-27 00:00:00,Madagascar,K,K005630025,,,,,,,,,,,,,Not attempted,
Leptolaena bernieri,K000300457,,,Sarcolaenaceae,Leptolaena,Leptolaena bernieri,,,,,,,Service Forestier de Madagascar,22704,1963-04-25 00:00:00,Madagascar,K,K000300457,,,,,,,,,,,,,,
Mediusella bernieri,K005630035,,,Sarcolaenaceae,Mediusella,Mediusella bernieri,,,,-12.605,49.4428,,"Ranaivojaona, R.; et al.",1520,2006-11-07 00:00:00,Madagascar,K,K005630035,,,,,,,,,,,,,Not attempted,
Mediusella bernieri,K005630037,,,Sarcolaenaceae,Mediusella,Mediusella bernieri,,,,-12.605,49.4431,,"Schatz, G.E.; Ratovoson, F.; Guittou, R.",4266,2005-02-14 00:00:00,Madagascar,K,K005630037,,,,,,,,,,,,,Not attempted,
Mediusella bernieri,K005630032,,,Sarcolaenaceae,Mediusella,Mediusella bernieri,,,,-13.0208,49.4406,,"Hongwa, C.; Ratovoson, F.; Leopold, J.B.",253,2005-05-29 00:00:00,Madagascar,K,K005630032,,,,,,,,,,,,,Not attempted,
Mediusella bernieri,K005630027,,,Sarcolaenaceae,Mediusella,Mediusella bernieri,,,,-13.1048,49.7023,,"Ranirison, P.; Nusbaumer, L.",PR453,2004-02-17 00:00:00,Madagascar,K,K005630027,,,,,,,,,,,,,Not attempted,
Mediusella bernieri,K005630036,,,Sarcolaenaceae,Mediusella,Mediusella bernieri,,,,-12.6372,49.4939,,"Andrianjafy, N.M.; et al.",1611,2006-02-23 00:00:00,Madagascar,K,K005630036,,,,,,,,,,,,,Not attempted,
Mediusella bernieri,K005630026,,,Sarcolaenaceae,Mediusella,Mediusella bernieri,,,,-12.61,49.4583,,"Rakotoarisoa, S.E. : KMCC; Andriamahay, M. : SNGF",1800,2007-07-23 00:00:00,Madagascar,K,K005630026,,,,,,,,,,,,,,
Mediusella bernieri,K001037569,,,Sarcolaenaceae,Mediusella,Mediusella bernieri,,,,-12.9104,49.3216,,"Andriamahay, M. : SNGF; Rakotoarinivo, M. : KMCC",SNGF 3630,2015-07-28 00:00:00,Madagascar,K,K001037569,,,,,,,,,,,,,Not attempted,
Mediusella bernieri,K005630029,,,Sarcolaenaceae,Mediusella,Mediusella bernieri,,,,-12.5761,49.4603,,"Rakotondrafara, A.; Rakotondrajaona, R.; Randrianaivo, R.; Be, J.; Benjara, V.",271,2004-09-10 00:00:00,Madagascar,K,K005630029,,,,,,,,,,,,,Not attempted,
Leptolaena bernieri,K000489925,,,Sarcolaenaceae,Leptolaena,Leptolaena bernieri,,,,,,,"Baron, R.",6182,,Madagascar,K,K000489925,,,,,,,,,,,,,,
Pentachlaena sp.,K000391142,,,Sarcolaenaceae,Pentachlaena,Pentachlaena sp.,,,,-20.05,47.0167,,"Dorr, L.J.; Rakotozafy, A.",4524,1985-12-22 00:00:00,Madagascar,K,K000391142,,,,,,,,,,,,,,
Pentachlaena sp.,K000300466,,,Sarcolaenaceae,Pentachlaena,Pentachlaena sp.,,,,20.0667,47.05,,Service Forestier de Madagascar,23662,1963-04-15 00:00:00,Madagascar,K,K000300466,,,,,,,,,,,,,,
Pentachlaena sp.,K000391141,,,Sarcolaenaceae,Pentachlaena,Pentachlaena sp.,,,,-20.25,47.15,,"Bernardi, L.",11591,1967-11-19 00:00:00,Madagascar,K,K000391141,,,,,,,,,,,,,,
Pentachlaena sp.,K000391143,,,Sarcolaenaceae,Pentachlaena,Pentachlaena sp.,,,,-20.2333,47.05,,"Capuron, R.",27393,1967-02-19 00:00:00,Madagascar,K,K000391143,,,,,,,,,,,,,,
Pentachlaena latifolia,K005630017,,,Sarcolaenaceae,Pentachlaena,Pentachlaena latifolia,,,,-20.0678,47.0028,,"Rogers, Z.S.; Razakamalala, R.; Ludovic, R.; Rakotondrafara, J.; Rakotonirina, B.",84,2003-01-20 00:00:00,Madagascar,K,K005630017,,,,,,,,,,,,,Not attempted,
Pentachlaena latifolia,K005630018,,,Sarcolaenaceae,Pentachlaena,Pentachlaena latifolia,,,,-20.0664,47.0008,,"Ranarivelo, T.; Roberts, D.; Cribb, P.; Razafindraibe, H.",RTI444,2007-02-10 00:00:00,Madagascar,K,K005630018,,,,,,,,,,,,,Not attempted,
Pentachlaena latifolia,K005630016,,,Sarcolaenaceae,Pentachlaena,Pentachlaena latifolia,,,,-20.0872,47.0064,,"Lehavana, A.; Birkinshaw, C.; Andriamihajarivo, T.; Rakotonirina, B.",151,2004-10-21 00:00:00,Madagascar,K,K005630016,,,,,,,,,,,,,Not attempted,
Pentachlaena latifolia,K000391140,,,Sarcolaenaceae,Pentachlaena,Pentachlaena latifolia,,Type,Pentachlaena latifolia,-20.1167,47.0167,,"Perrier de la Bâthie, H.",18499,1928-04-01 00:00:00,Madagascar,K,K000391140,,,,,,,,,,,,,,
Pentachlaena latifolia,K000391139,,,Sarcolaenaceae,Pentachlaena,Pentachlaena latifolia,,Type,Pentachlaena latifolia,-20.1167,47.0167,,"Perrier de la Bâthie, H.",18499,1928-04-01 00:00:00,Madagascar,K,K000391139,,,,,,,,,,,,,,
Pentachlaena orientalis,K000391144,,,Sarcolaenaceae,Pentachlaena,Pentachlaena orientalis,,Isotype,Pentachlaena orientalis,-17.2833,49.3833,,"Capuron, R.P.R.",8628,1953-11-01 00:00:00,Madagascar,K,K000391144,,,,,,,,,,,,,,
Pentachlaena orientalis,K005630019,,,Sarcolaenaceae,Pentachlaena,Pentachlaena orientalis,,,,,,,"Capuron, R.",22108-SF,1962-12-23 00:00:00,Madagascar,K,K005630019,,,,,,,,,,,,,Not attempted,
Pentachlaena orientalis,K000975544,,,Sarcolaenaceae,Pentachlaena,Pentachlaena orientalis,,Isotype,Pentachlaena orientalis,-17.2833,49.3833,,"Capuron, R.P.R.",8628,1953-11-01 00:00:00,Madagascar,K,K000975544,,,,,,,,,,,,,,
Perrierodendron sp.,K000300431,,,Sarcolaenaceae,Perrierodendron,Perrierodendron sp.,,,,,,,"Richard, A.",313,1970-07-20 00:00:00,Madagascar,K,K000300431,,,,,,,,,,,,,,
Perrierodendron sp.,K000300429,,,Sarcolaenaceae,Perrierodendron,Perrierodendron sp.,,,,,,,"Richard, A.",355,1970-07-20 00:00:00,Madagascar,K,K000300429,,,,,,,,,,,,,,
Perrierodendron sp.,K001622366,,,Sarcolaenaceae,Perrierodendron,Perrierodendron sp.,,,,-18.0336,44.4756,,"Gautier, L.; Ranirison, P.; Hanitrarivo, R. M.; Luino, I.",LG 5969,2012-12-07 00:00:00,Madagascar,K,K001622366,,,,,,,,,,,,,Not attempted,
Perrierodendron sp.,K000391049,,,Sarcolaenaceae,Perrierodendron,Perrierodendron sp.,,,,-20.5911,46.5944,,"Du Puy, D.J.; Labat, J.-.N.; Andriantiana, J.",636,1993-11-21 00:00:00,Madagascar,K,K000391049,,,,,,,,,,,,,,
Perrierodendron sp.,K000240311,,,Sarcolaenaceae,Perrierodendron,Perrierodendron sp.,,Type,Perrierodendron,,,,"Capuron, R.",20.603-SF,1961-12-28 00:00:00,Madagascar,K,K000240311,,,,,,,,,,,,,,
Perrierodendron sp.,K000391047,,,Sarcolaenaceae,Perrierodendron,Perrierodendron sp.,,,,-20.5833,46.6167,,"Capuron, R.",29045,1970-02-21 00:00:00,Madagascar,K,K000391047,,,,,,,,,,,,,,
Perrierodendron sp.,K000300430,,,Sarcolaenaceae,Perrierodendron,Perrierodendron sp.,,,,,,,"Richard, A.",355,1970-07-20 00:00:00,Madagascar,K,K000300430,,,,,,,,,,,,,,
Perrierodendron sp.,K000391050,,,Sarcolaenaceae,Perrierodendron,Perrierodendron sp.,,,,-19.4667,46.15,,"Capuron, R.",11567,1955-01-20 00:00:00,Madagascar,K,K000391050,,,,,,,,,,,,,,
Perrierodendron sp.,K000300432,,,Sarcolaenaceae,Perrierodendron,Perrierodendron sp.,,,,,,,"Decary, R.",16384,,Madagascar,K,K000300432,,,,,,,,,,,,,,
Perrierodendron sp.,K000391051,,,Sarcolaenaceae,Perrierodendron,Perrierodendron sp.,,,,-12.6167,49.4917,,"Capuron, R.",23055,1963-12-27 00:00:00,Madagascar,K,,,,,,,,,,,,,,,
Perrierodendron boinense,K001898984,,,Sarcolaenaceae,Perrierodendron,Perrierodendron boinense,,,,-15.4967,47.5839,,"Rakotoarisoa, S.E.; Andriamahay, M.",RSE 620,2008-12-09 00:00:00,Madagascar,K,K001898984,,,,,,,,,,,,,Not attempted,
Perrierodendron boinense,K001370298,,,Sarcolaenaceae,Perrierodendron,Perrierodendron boinense,,,,-15.6497,47.5789,,"Rabarijaona, N.R.; Rajaovelona, L.; Rabehevitra, D.; Rakotoarison, F.",MDG 105 10 384,2017-11-25 00:00:00,Madagascar,K,,,,,,,,,,,,,,Not attempted,
Perrierodendron boinense,K001370910,,,Sarcolaenaceae,Perrierodendron,Perrierodendron boinense,,,,-15.4408,47.6131,,"Rakotoarisoa, A.A.; Bernard, V.M.; Randrianantenaina, E.",AND 19,2020-12-09 00:00:00,Madagascar,K,,,,,,,,,,,,,,Not attempted,
Perrierodendron boinense,K001521196,,,Sarcolaenaceae,Perrierodendron,Perrierodendron boinense,,,,-15.6908,47.4939,,"Rakotoarison, F.; Bernard, V.M.",FEN 1359,2020-11-19 00:00:00,Madagascar,K,,,,,,,,,,,,,,Not attempted,
Perrierodendron boinense,K001521354,,,Sarcolaenaceae,Perrierodendron,Perrierodendron boinense,,,,-15.6508,47.5769,,"Rakotoarison, F.; Bernard, V.M.",FEN 1133,2020-11-17 00:00:00,Madagascar,K,,,,,,,,,,,,,,Not attempted,
Perrierodendron boinense,K001521747,,,Sarcolaenaceae,Perrierodendron,Perrierodendron boinense,,,,-16.1325,47.3083,,"Rakotonasolo, F.; Randriamamonjy, N.",RNF 3224,2020-10-20 00:00:00,Madagascar,K,,,,,,,,,,,,,,Not attempted,
Perrierodendron boinense,K001521242,,,Sarcolaenaceae,Perrierodendron,Perrierodendron boinense,,,,-15.5678,47.6186,,"Bernard, V. M.; Rakotoarison, F.",MER 26,2020-11-20 00:00:00,Madagascar,K,,,,,,,,,,,,,,Not attempted,
Perrierodendron boinense,K001370721,,,Sarcolaenaceae,Perrierodendron,Perrierodendron boinense,,,,-15.6497,47.5789,,"Rabarijaona, N.R.; Rajaovelona, L.; Rabehevitra, D.; Rakotoarison, F.",MDG 105 10 445,2017-11-28 00:00:00,Madagascar,K,,,,,,,,,,,,,,Not attempted,
Perrierodendron boinense,K001370855,,,Sarcolaenaceae,Perrierodendron,Perrierodendron boinense,,,,-15.4511,47.6044,,"Rakotoarisoa, A.A.; Bernard, V.M.; Randrianantenaina, E.",AND 161,2020-12-12 00:00:00,Madagascar,K,,,,,,,,,,,,,,Not attempted,
Perrierodendron boinense,K001370048,,,Sarcolaenaceae,Perrierodendron,Perrierodendron boinense,,,,-15.9494,47.4528,,"Rakotoarisoa, A.A.; Rajaovelona, L.R.; Fazy; Miandrasoa; Randrianandrasana, J.C.; Veraline, V.; Ramanisa, V.; Ranaivoson, E.; Tovonana; Tsangamaro",MDG_105_05_2018 65,2018-11-25 00:00:00,Madagascar,K,,,,,,,,,,,,,,Not attempted,
Perrierodendron boinense,K001370057,,,Sarcolaenaceae,Perrierodendron,Perrierodendron boinense,,,,-15.9236,47.4411,,"Rakotoarisoa, A.A.; Rajaovelona, L.R.; Fazy; Miandrasoa; Randrianandrasana, J.C.; Veraline, V.; Ramanisa, V.; Ranaivoson, E.; Tovonana; Tsangamaro",MDG_105_05_2018 125,2018-11-26 00:00:00,Madagascar,K,,,,,,,,,,,,,,Not attempted,
Perrierodendron boinense,K001521027,,,Sarcolaenaceae,Perrierodendron,Perrierodendron boinense,,,,-15.4511,47.6044,,"Rakotoarisoa, A.A.; Bernard, V.M.; Randrianantenaina, E.",AND 171,2020-12-12 00:00:00,Madagascar,K,,,,,,,,,,,,,,Not attempted,
Perrierodendron boinense,K001521677,,,Sarcolaenaceae,Perrierodendron,Perrierodendron boinense,,,,-16.3153,46.8153,,"Randriamamonjy, N.; Rakotonasolo, F.; Rajaovelona, L.",RAN349,2020-03-14 00:00:00,Madagascar,K,,,,,,,,,,,,,,Not attempted,
Perrierodendron boinense,K001521533,,,Sarcolaenaceae,Perrierodendron,Perrierodendron boinense,,,,-16.3178,46.8081,,"Razanajatovo, H.; Rakotoarisoa, S.E.; Razafiniary, V.; Randrianasolo, V.; Andriamanohera, M.A.; Rakotonirina, J.",RHEN117,2020-03-17 00:00:00,Madagascar,K,,,,,,,,,,,,,,Not attempted,
Perrierodendron boinense,K005434926,,,Sarcolaenaceae,Perrierodendron,Perrierodendron boinense,,,,-13.1782,49.7087,,"Gautier, L.; Wohlhauser, S.; Nusbaumer, L.",LG4331,2003-03-11 00:00:00,Madagascar,K,K005434926,,,,,,,,,,,,,Not attempted,
Perrierodendron boinense,K000240312,,,Sarcolaenaceae,Perrierodendron,Perrierodendron boinense,,Type,,,,,,3091,,Madagascar,K,K000240312,,,,,,,,,,,,,,
Perrierodendron boinense,K005434925,,,Sarcolaenaceae,Perrierodendron,Perrierodendron boinense,,,,-22.9061,44.6728,,"Andriamihajarivo, T.; Ludovic, R.; Nicolas",537,2004-12-25 00:00:00,Madagascar,K,K005434925,,,,,,,,,,,,,Not attempted,
Perrierodendron capuronii,K005434923,,,Sarcolaenaceae,Perrierodendron,Perrierodendron capuronii,,,,,,,s.coll.,25523-SF,1965-02-18 00:00:00,Madagascar,K,K005434923,,,,,,,,,,,,,Not attempted,
Perrierodendron capuronii,K005434924,,,Sarcolaenaceae,Perrierodendron,Perrierodendron capuronii,,,,,,,s.coll.,25523-SF,1965-02-18 00:00:00,Madagascar,K,K005434924,,,,,,,,,,,,,Not attempted,
Perrierodendron quartzitorum,K001304998,,,Sarcolaenaceae,Perrierodendron,Perrierodendron quartzitorum,,,,-20.5964,46.5786,,"Rajaovelona, L.R.; Rakotonasolo, F.; Rakotoarisoa, A.A.; Ranaivomanana, T.; Andry Ny Aina, T.N.A.; Rasaminirina, F.; Rakotondrasoa, V.; Razafimahatratra, E.J.",MDG113-12-19 148,2019-12-09 00:00:00,Madagascar,K,,,,,,,,,,,,,,Not attempted,
Perrierodendron quartzitorum,K001036812,,,Sarcolaenaceae,Perrierodendron,Perrierodendron quartzitorum,,,,-20.5278,46.5803,,"Rabarivola, M.L.; Ravaoarisoa, S.; Lehavana",RML381,2014-02-20 00:00:00,Madagascar,K,K001036812; K001036812_a,,,,,,,,,,,,,Not attempted,
Perrierodendron quartzitorum,K005434921,,,Sarcolaenaceae,Perrierodendron,Perrierodendron quartzitorum,,,,-20.5908,46.5956,,"Razafitsalama, L.J.; Ludovic, R.",3,2001-02-01 00:00:00,Madagascar,K,K005434921,,,,,,,,,,,,,Not attempted,
Perrierodendron quartzitorum,K005434922,,,Sarcolaenaceae,Perrierodendron,Perrierodendron quartzitorum,,,,-20.5661,46.5931,,"Lowry II, P.P.; Schatz, G.E.; Andriamihajarivo, T.; Hong-Wa, C.; Rapanarivo, S.; Rabarison, H.",5897,2002-11-10 00:00:00,Madagascar,K,K005434922,,,,,,,,,,,,,Not attempted,
Perrierodendron quartzitorum,K005434920,,,Sarcolaenaceae,Perrierodendron,Perrierodendron quartzitorum,,,,,,,"Capuron, R.",11567SF,1955-01-20 00:00:00,Madagascar,K,K005434920,,,,,,,,,,,,,Not attempted,
Perrierodendron quartzitorum,K000391048,,,Sarcolaenaceae,Perrierodendron,Perrierodendron quartzitorum,,Isotype,Perrierodendron quartzitorum,-20.5919,46.5953,,"Labat, J.-.N.; Haevermans, T.; Rabenantoandro, J.; Cook, B.",3035,1999-03-26 00:00:00,Madagascar,K,K000391048,,,,,,,,,,,,,,
Perrierodendron quartzitorum,K000751603,,,Sarcolaenaceae,Perrierodendron,Perrierodendron quartzitorum,,,,-20.5789,46.5608,,"Andrianaivoravelona, B.; Ravaoarisoa, S.; Lazasoa, M.J.; Andriamampionona",ANB563,2012-04-25 00:00:00,Madagascar,K,K000751603,,,,,,,,,,,,,Not attempted,
Perrierodendron rodoense,K001913805,,,Sarcolaenaceae,Perrierodendron,Perrierodendron rodoense,,,,,,,"Ranaivoarisoa, L.",LUR074,2013-04-07 00:00:00,Madagascar,K,K001913805,,,,,,,,,,,,,Not attempted,
Rhodolaena sp.,K005630015,,,Sarcolaenaceae,Rhodolaena,Rhodolaena sp.,,,,,,,"Meyers, D.",263,1991-02-11 00:00:00,Madagascar,K,K005630015,,,,,,,,,,,,,Not attempted,
Rhodolaena acutifolia,K000240301,,,Sarcolaenaceae,Rhodolaena,Rhodolaena acutifolia,,Unknown,,,,,"Baron, R.",2427,,Madagascar,K,K000240301,,,,,,,,,,,,,,
Rhodolaena acutifolia,K005434989,,,Sarcolaenaceae,Rhodolaena,Rhodolaena acutifolia,,,,-17.5589,48.8986,,"Rakotondrajaona, R.; Rakotonandrasana, S.; Ratovoson, F.; Randrianjanaka, L.M.; Mananjara, R.; Marolahy; Randrianjafisoa",282,2003-03-04 00:00:00,Madagascar,K,K005434989,,,,,,,,,,,,,Not attempted,
Rhodolaena acutifolia,K005434990,,,Sarcolaenaceae,Rhodolaena,Rhodolaena acutifolia,,,,,,,"Andriamihajarivo, T.; et al.",300,2004-07-15 00:00:00,Madagascar,K,K005434990,,,,,,,,,,,,,Not attempted,
Rhodolaena acutifolia,K000240302,,,Sarcolaenaceae,Rhodolaena,Rhodolaena acutifolia,,Type,,,,,"Baron, R.",2427,,Madagascar,K,K000240302,,,,,,,,,,,,,,
Rhodolaena acutifolia,K005434991,,,Sarcolaenaceae,Rhodolaena,Rhodolaena acutifolia,,,,-17.5594,48.9094,,"Rakotonandrasana, S.T.; Ratovoson, F.",450,2000-10-26 00:00:00,Madagascar,K,K005434991,,,,,,,,,,,,,Not attempted,
Rhodolaena acutifolia,K000391116,,,Sarcolaenaceae,Rhodolaena,Rhodolaena acutifolia,,,,-17.2167,49.4667,,"Perrier de la Bâthie, H.",2224,1912-09-01 00:00:00,Madagascar,K,K000391116,,,,,,,,,,,,,,
Rhodolaena acutifolia,K000240300,,,Sarcolaenaceae,Rhodolaena,Rhodolaena acutifolia,,Type,,,,,"Baron, R.",2427,,Madagascar,K,K000240300,,,,,,,,,,,,,,
Rhodolaena altivola,K000391111,,,Sarcolaenaceae,Rhodolaena,Rhodolaena altivola,,,,-20.5333,47.9333,,s.coll.,14735,1954-07-12 00:00:00,Madagascar,K,K000391111,,,,,,,,,,,,,,
Rhodolaena altivola,K000391115,,,Sarcolaenaceae,Rhodolaena,Rhodolaena altivola,,,,-17.0167,49.55,,"Jonsson, L.; Nilsson, A.",2014,1983-10-24 00:00:00,Madagascar,K,K000391115,,,,,,,,,,,,,,
Rhodolaena altivola,K000391114,,,Sarcolaenaceae,Rhodolaena,Rhodolaena altivola,,,,,,,"Humblot, M.",24,1883-10-01 00:00:00,Madagascar,K,K000391114,,,,,,,,,,,,,,
Rhodolaena altivola,K000391112,,,Sarcolaenaceae,Rhodolaena,Rhodolaena altivola,,,,,,,"Baron, R.",6089,1982-01-01 00:00:00,Madagascar,K,K000391112,,,,,,,,,,,,,,
Rhodolaena altivola,K005434992,,,Sarcolaenaceae,Rhodolaena,Rhodolaena altivola,,,,-17.7053,49.4578,,"Lehavana, A.; Marcel",110,2004-07-13 00:00:00,Madagascar,K,K005434992,,,,,,,,,,,,,Not attempted,
Rhodolaena altivola,K000391113,,,Sarcolaenaceae,Rhodolaena,Rhodolaena altivola,,,,,,,"Baron, R.",6090,1982-01-01 00:00:00,Madagascar,K,K000391113,,,,,,,,,,,,,,
Rhodolaena bakeriana,K000240299,,,Sarcolaenaceae,Rhodolaena,Rhodolaena bakeriana,,Unknown,,,,,"Baron, R.",2173,,Madagascar,K,K000240299,,,,,,,,,,,,,,
Rhodolaena bakeriana,K005630002,,,Sarcolaenaceae,Rhodolaena,Rhodolaena bakeriana,,,,-14.4583,49.5817,,"Rasoavimbahoaka, F.",674,1995-05-15 00:00:00,Madagascar,K,K005630002,,,,,,,,,,,,,Not attempted,
Rhodolaena bakeriana,K000391125,,,Sarcolaenaceae,Rhodolaena,Rhodolaena bakeriana,,,,-19.1167,48.2333,,"Capuron, R.",24418,1965-12-23 00:00:00,Madagascar,K,K000391125,,,,,,,,,,,,,,
Rhodolaena bakeriana,K000391124,,,Sarcolaenaceae,Rhodolaena,Rhodolaena bakeriana,,,,-18.9167,48.4167,,"Mabberley, D.J.",812,1971-03-28 00:00:00,Madagascar,K,K000391124,,,,,,,,,,,,,,
Rhodolaena bakeriana,K000391126,,,Sarcolaenaceae,Rhodolaena,Rhodolaena bakeriana,,,,,,,"Capuron, R.",24418SF,1965-12-01 00:00:00,Madagascar,K,K000391126,,,,,,,,,,,,,Not attempted,
Rhodolaena bakeriana,K005630001,,,Sarcolaenaceae,Rhodolaena,Rhodolaena bakeriana,,,,-18.9328,48.4211,,"Schatz, G.E.; Rabenantoandro, J.",3988,2000-03-16 00:00:00,Madagascar,K,K005630001,,,,,,,,,,,,,Not attempted,
Rhodolaena bakeriana,K000391117,,,Sarcolaenaceae,Rhodolaena,Rhodolaena bakeriana,,,,-18.9367,48.4133,,"Labat, J.-.N.; Haevermans, T.; Rabenantoandro, J.",3081,1999-04-02 00:00:00,Madagascar,K,K000391117,,,,,,,,,,,,,,
Rhodolaena bakeriana,K000391118,,,Sarcolaenaceae,Rhodolaena,Rhodolaena bakeriana,,,,,,,"Thouvenot, M.",44,1919-06-20 00:00:00,Madagascar,K,K000391118,,,,,,,,,,,,,,
Rhodolaena bakeriana,K005630006,,,Sarcolaenaceae,Rhodolaena,Rhodolaena bakeriana,,,,,,,Schatz,2000,1954-01-04 00:00:00,Madagascar,K,K005630006,,,,,,,,,,,,,Not attempted,
Rhodolaena bakeriana,K000240297,,,Sarcolaenaceae,Rhodolaena,Rhodolaena bakeriana,,Unknown,,,,,"Baron, R.",1980,,Madagascar,K,K000240297,,,,,,,,,,,,,,
Rhodolaena bakeriana,K001872328,,,Sarcolaenaceae,Rhodolaena,Rhodolaena bakeriana,,,,-16.8483,49.1861,,"Ralimanana, H.; Rakotonasolo, F.; Beentje, H.; Benoit; Elysé; Defa; Francis; Ernest",389,2003-12-14 00:00:00,Madagascar,K,K001872328,,,,,,,,,,,,,Not attempted,
Rhodolaena bakeriana,K005434997,,,Sarcolaenaceae,Rhodolaena,Rhodolaena bakeriana,,,,-18.8644,48.2972,,"Antilahimena, P.; Félix (guide); Razafindasy, R.",3565,2005-03-03 00:00:00,Madagascar,K,K005434997,,,,,,,,,,,,,Not attempted,
Rhodolaena bakeriana,K005630005,,,Sarcolaenaceae,Rhodolaena,Rhodolaena bakeriana,,,,-14.4583,49.5817,,"Rasoavimbahoaka, F.",674,1995-05-15 00:00:00,Madagascar,K,K005630005,,,,,,,,,,,,,Not attempted,
Rhodolaena bakeriana,K005435000,,,Sarcolaenaceae,Rhodolaena,Rhodolaena bakeriana,,,,-18.8586,48.3017,,"Rolland Ranaivojaona; Razanatsoa, H.; Edmond, F.",1056,2005-01-14 00:00:00,Madagascar,K,K005435000,,,,,,,,,,,,,Not attempted,
Rhodolaena bakeriana,K000391119,,,Sarcolaenaceae,Rhodolaena,Rhodolaena bakeriana,,,,,,,"Thouvenot, M.",44,1919-06-20 00:00:00,Madagascar,K,K000391119,,,,,,,,,,,,,,
Rhodolaena bakeriana,K000391121,,,Sarcolaenaceae,Rhodolaena,Rhodolaena bakeriana,,,,,,,"Leandri, J.",710,1932-01-01 00:00:00,Madagascar,K,K000391121,,,,,,,,,,,,,Not attempted,
Rhodolaena bakeriana,K005630004,,,Sarcolaenaceae,Rhodolaena,Rhodolaena bakeriana,,,,-18.9339,48.4272,,"Rogers, Z.S.; Razakamalala, R.",43,2003-01-09 00:00:00,Madagascar,K,K005630004,,,,,,,,,,,,,Not attempted,
Rhodolaena bakeriana,K000391127,,,Sarcolaenaceae,Rhodolaena,Rhodolaena bakeriana,,,,-18.9333,48.4167,,"Miller, J.S.",3747,1988-12-19 00:00:00,Madagascar,K,K000391127; K000391127_a,,,,,,,,,,,,,,
Rhodolaena bakeriana,K000391122,,,Sarcolaenaceae,Rhodolaena,Rhodolaena bakeriana,,Type,Rhodolaena bakeriana,-20.1833,48.65,,"Hildebrandt, J.M.",3823,1881-01-01 00:00:00,Madagascar,K,K000391122,,,,,,,,,,,,,,
Rhodolaena bakeriana,K005434999,,,Sarcolaenaceae,Rhodolaena,Rhodolaena bakeriana,,,,-18.2333,47.35,,"Razafimandimbison, S.G.",38,1993-12-01 00:00:00,Madagascar,K,K005434999,,,,,,,,,,,,,Not attempted,
Rhodolaena bakeriana,K005630007,,,Sarcolaenaceae,Rhodolaena,Rhodolaena bakeriana,,,,,,,[M. Gouldent Andrianava],44,1937-01-01 00:00:00,Madagascar,K,K005630007,,,,,,,,,,,,,Not attempted,
Rhodolaena bakeriana,K005434998,,,Sarcolaenaceae,Rhodolaena,Rhodolaena bakeriana,,,,-18.8328,48.3294,,"Razanatsoa, H.; Rakotovao, C.; Edmond, F.",322,2005-02-24 00:00:00,Madagascar,K,K005434998,,,,,,,,,,,,,Not attempted,
Rhodolaena bakeriana,K000240298,,,Sarcolaenaceae,Rhodolaena,Rhodolaena bakeriana,,Unknown,,,,,"Baron, R.",1980,,Madagascar,K,K000240298,,,,,,,,,,,,,,
Rhodolaena bakeriana,K005630003,,,Sarcolaenaceae,Rhodolaena,Rhodolaena bakeriana,,,,-14.4583,49.5817,,"Rasoavimbahoaka, F.",674,1995-05-15 00:00:00,Madagascar,K,K005630003,,,,,,,,,,,,,Not attempted,
Rhodolaena bakeriana,K005434995,,,Sarcolaenaceae,Rhodolaena,Rhodolaena bakeriana,,,,-18.86,48.2989,,"Antilahimena, P.; Ranaivojaona, R.; Félix",3046,2004-12-20 00:00:00,Madagascar,K,K005434995,,,,,,,,,,,,,Not attempted,
Rhodolaena bakeriana,K000391123,,,Sarcolaenaceae,Rhodolaena,Rhodolaena bakeriana,,,,,,,"Baron, R. (Rev.)",[2649],,Madagascar,K,K000391123,,,,,,,,,,,,,Not attempted,
Rhodolaena bakeriana,K000391120,,,Sarcolaenaceae,Rhodolaena,Rhodolaena bakeriana,,,,-18.9333,48.4333,,"Léandri, J.",710,1932-12-01 00:00:00,Madagascar,K,K000391120,,,,,,,,,,,,,,
Rhodolaena bakeriana,K005434994,,,Sarcolaenaceae,Rhodolaena,Rhodolaena bakeriana,,,,-18.8517,48.3108,,"Antilahimena, P.; Edmond, F.",4445,2005-12-17 00:00:00,Madagascar,K,K005434994,,,,,,,,,,,,,Not attempted,
Rhodolaena bakeriana,K000391128,,,Sarcolaenaceae,Rhodolaena,Rhodolaena bakeriana,,,,-19.15,48.2333,,"Dorr, L.J.; Barnett, L.C.; Rakotozafy, A.",4575,1986-01-18 00:00:00,Madagascar,K,K000391128; K000391128_a,,,,,,,,,,,,,,
Rhodolaena bakeriana,K005434996,,,Sarcolaenaceae,Rhodolaena,Rhodolaena bakeriana,,,,-18.8517,48.3108,,"Antilahimena, P.; Edmond, F.",4454,2005-12-18 00:00:00,Madagascar,K,K005434996,,,,,,,,,,,,,Not attempted,
Rhodolaena bakeriana,K005434993,,,Sarcolaenaceae,Rhodolaena,Rhodolaena bakeriana,,,,-18.8589,48.2914,,"Rolland Ranaivojaona; Razanatsoa, H.; Edmond, F.",1086,2005-01-15 00:00:00,Madagascar,K,K005434993; K005434993_a,,,,,,,,,,,,,Not attempted,
Rhodolaena coriacea,K005630009,,,Sarcolaenaceae,Rhodolaena,Rhodolaena coriacea,,,,-17.5042,48.7322,,"Ratovoson, F.; Rakotondrajaona, R.; Randriantafika, F.",257,2000-07-18 00:00:00,Madagascar,K,K005630009,,,,,,,,,,,,,Not attempted,
Rhodolaena coriacea,K001932305,,,Sarcolaenaceae,Rhodolaena,Rhodolaena coriacea,,,,-14.1458,49.9117,,"Martial; Be, G.; Rakotonirina, C.Z.",116,2013-04-13 00:00:00,Madagascar,K,,,,,,,,,,,,,,Not attempted,
Rhodolaena coriacea,K001932323,,,Sarcolaenaceae,Rhodolaena,Rhodolaena coriacea,,,,-17.9239,49.1997,,"Schatz, G.E.; Lowry II, P.P.; Razakamalala, R.; Randrianaivo, R.",4444,2017-01-13 00:00:00,Madagascar,K,,,,,,,,,,,,,,Not attempted,
Rhodolaena coriacea,K001898025,,,Sarcolaenaceae,Rhodolaena,Rhodolaena coriacea,,,,,,,"Randriatavy, L.; Randriatsivery, M.F.",154,2006-11-21 00:00:00,Madagascar,K,K001898025,,,,,,,,,,,,,Not attempted,
Rhodolaena coriacea,K001899389,,,Sarcolaenaceae,Rhodolaena,Rhodolaena coriacea,,,,-17.7069,49.4533,,"Ralaijaona,Benjamin; Antilhamina,P.; Gervais",441,2020-12-18 00:00:00,Madagascar,K,,,,,,,,,,,,,,Not attempted,
Rhodolaena coriacea,K005630008,,,Sarcolaenaceae,Rhodolaena,Rhodolaena coriacea,,,,,,,"Capuron, R.",8864sf,1954-01-01 00:00:00,Madagascar,K,K005630008,,,,,,,,,,,,,Not attempted,
Rhodolaena coriacea,K005630010,,,Sarcolaenaceae,Rhodolaena,Rhodolaena coriacea,,,,-14.7194,49.4533,,"Ravelonarivo, D.; Rabesonina, R.",608,1995-02-14 00:00:00,Madagascar,K,K005630010,,,,,,,,,,,,,Not attempted,
Rhodolaena humblotii,K000391129,,,Sarcolaenaceae,Rhodolaena,Rhodolaena humblotii,,,,-21.4,47.7,,"Capuron, R.",23229,1964-01-31 00:00:00,Madagascar,K,K000391129,,,,,,,,,,,,,,
Rhodolaena humblotii,K000240294,,,Sarcolaenaceae,Rhodolaena,Rhodolaena humblotii,,Unknown,,,,,Humblot,474,,Madagascar,K,K000240294,,,,,,,,,,,,,,
Rhodolaena humblotii,K001932340,,,Sarcolaenaceae,Rhodolaena,Rhodolaena humblotii,,,,-17.9083,49.2039,,"Schatz, G.E.; Lowry II, P.P.; Razakamalala, R.; Randrianaivo, R.",4469,2017-01-13 00:00:00,Madagascar,K,,,,,,,,,,,,,,Not attempted,
Rhodolaena humblotii,K006871393,,,Sarcolaenaceae,Rhodolaena,Rhodolaena humblotii,,,,-17.5469,49.2792,,"Lehavana, A.",420,2006-11-07 00:00:00,Madagascar,K,,,,,,,,,,,,,,Not attempted,
Rhodolaena humblotii,K000391130,,,Sarcolaenaceae,Rhodolaena,Rhodolaena humblotii,,,,,,,"Capuron, R.",23229SF,,Madagascar,K,K000391130,,,,,,,,,,,,,Not attempted,
Rhodolaena humblotii,K005630012,,,Sarcolaenaceae,Rhodolaena,Rhodolaena humblotii,,,,,,,"Capuron, R.",sf9060,1954-02-22 00:00:00,Madagascar,K,K005630012,,,,,,,,,,,,,Not attempted,
Rhodolaena humblotii,K000240295,,,Sarcolaenaceae,Rhodolaena,Rhodolaena humblotii,,Unknown,,,,,"Humblot, M.",428,,Madagascar,K,K000240295,,,,,,,,,,,,,,
Rhodolaena humblotii,K005630013,,,Sarcolaenaceae,Rhodolaena,Rhodolaena humblotii,,,,,,,"Capuron, R.",sf9109,1954-03-06 00:00:00,Madagascar,K,K005630013,,,,,,,,,,,,,Not attempted,
Rhodolaena humblotii,K000391132,,,Sarcolaenaceae,Rhodolaena,Rhodolaena humblotii,,,,-17.75,48.8667,,"Cours, G.",2429,1945-01-18 00:00:00,Madagascar,K,K000391132,,,,,,,,,,,,,,
Rhodolaena humblotii,K005630011,,,Sarcolaenaceae,Rhodolaena,Rhodolaena humblotii,,,,-17.9167,49.2167,,"Iambana, B.; Bernard; Arsene",146,1999-03-21 00:00:00,Madagascar,K,K005630011,,,,,,,,,,,,,Not attempted,
Rhodolaena humblotii,K000391131,,,Sarcolaenaceae,Rhodolaena,Rhodolaena humblotii,,,,-17.7,48.9,,Botoalina,12442,1963-01-13 00:00:00,Madagascar,K,K000391131,,,,,,,,,,,,,,
Rhodolaena humblotii,K000240296,,,Sarcolaenaceae,Rhodolaena,Rhodolaena humblotii,,Unknown,,,,,Humblot,428,,Madagascar,K,K000240296,,,,,,,,,,,,,,
Rhodolaena leroyana,K000580476,,,Sarcolaenaceae,Rhodolaena,Rhodolaena leroyana,,Isotype,,17.9167,49.2167,,"Rakotoniaina, M.",124 RN,1954-03-19 00:00:00,Madagascar,K,K000580476,,,,,,,,,,,,,,
Rhodolaena macrocarpa,K005630014,,,Sarcolaenaceae,Rhodolaena,Rhodolaena macrocarpa,,,,-14.1008,50.0478,,"Andrianjafy, M.; et al.",61,2000-05-07 00:00:00,Madagascar,K,K005630014,,,,,,,,,,,,,Not attempted,
Sarcolaena sp.,K005645068,,,Sarcolaenaceae,Sarcolaena,Sarcolaena sp.,,,,-20.6208,46.5544,,"Heritiana, R.",RHS312,2004-05-18 00:00:00,Madagascar,K,K005645068,,,,,,,,,,,,,Not attempted,
Sarcolaena sp.,K005645066,,,Sarcolaenaceae,Sarcolaena,Sarcolaena sp.,,,,-14.7333,50.2167,,"Ranarivelo, H.",RHS1248,2007-01-26 00:00:00,Madagascar,K,K005645066,,,,,,,,,,,,,Not attempted,
Sarcolaena sp.,K005645060,,,Sarcolaenaceae,Sarcolaena,Sarcolaena sp.,,,,-17.9867,48.6056,,"Randriatsivery, M.; Rasoafaranaivo, M.; Andrianjafy, N.M.; Raparison, V.",96,2005-12-14 00:00:00,Madagascar,K,K005645060,,,,,,,,,,,,,Not attempted,
Sarcolaena sp.,K005645064,,,Sarcolaenaceae,Sarcolaena,Sarcolaena sp.,,,,-16.4333,49.85,,"Prance, G.T.; Andriantiana, J.L.",30825,1994-10-28 00:00:00,Madagascar,K,K005645064,,,,,,,,,,,,,Not attempted,
Sarcolaena sp.,K000240334,,,Sarcolaenaceae,Sarcolaena,Sarcolaena sp.,,Isotype,,,,,"Perrier de la Bâthie, J.M.H.A.",3006,1912-01-01 00:00:00,Madagascar,K,K000240334,,,,,,,,,,,,,,
Sarcolaena sp.,K005645063,,,Sarcolaenaceae,Sarcolaena,Sarcolaena sp.,,,,-24.8519,47.0594,,"Edmondson, N.Z.; Noblick, L.; Fischer, B.; Rahelivololona, E.",95-57,1995-08-03 00:00:00,Madagascar,K,K005645063,,,,,,,,,,,,,Not attempted,
Sarcolaena sp.,K005645059,,,Sarcolaenaceae,Sarcolaena,Sarcolaena sp.,,,,,,,"Phillipson, P.",2008,1987-07-01 00:00:00,Madagascar,K,K005645059,,,,,,,,,,,,,Not attempted,
Sarcolaena sp.,K005645067,,,Sarcolaenaceae,Sarcolaena,Sarcolaena sp.,,,,-16.5167,49.8333,,"Heritiana, R.",RHS1222,2007-01-19 00:00:00,Madagascar,K,K005645067,,,,,,,,,,,,,Not attempted,
Sarcolaena sp.,K005645065,,,Sarcolaenaceae,Sarcolaena,Sarcolaena sp.,,,,,,,"Baron, R. (Revd)",5816,,Madagascar,K,K005645065,,,,,,,,,,,,,Not attempted,
Sarcolaena sp.,K005645061,,,Sarcolaenaceae,Sarcolaena,Sarcolaena sp.,,,,-15.9897,49.0628,,"Lehavana, A.; Rabemaniry, F.; Ramahavitasoa; Randriampenosoa, M.",192,2004-11-08 00:00:00,Madagascar,K,K005645061,,,,,,,,,,,,,Not attempted,
Sarcolaena codonochlamys,K000240332,,,Sarcolaenaceae,Sarcolaena,Sarcolaena codonochlamys,,Type,Sarcolaena codonochlamys,,,,"Baron, R.",6366,,Madagascar,K,K000240332,,,,,,,,,,,,,,
Sarcolaena codonochlamys,K005508161,,,Sarcolaenaceae,Sarcolaena,Sarcolaena codonochlamys,,,,,,,"Phillipson, P.",2014,1987-07-01 00:00:00,Madagascar,K,K005508161,,,,,,,,,,,,,Not attempted,
Sarcolaena codonochlamys,K001909995,,,Sarcolaenaceae,Sarcolaena,Sarcolaena codonochlamys,,,,-12.9108,49.3236,,"Burivalova, Z.; Ranirison, P.",ZB 008,2010-11-06 00:00:00,Madagascar,K,K001909995,,,,,,,,,,,,,Not attempted,
Sarcolaena codonochlamys,K001037042,,,Sarcolaenaceae,Sarcolaena,Sarcolaena codonochlamys,,,,-14.0947,48.1114,,"Rabarivola, M.L.; Vorontsova, M.S.; Razanatsoa, J.; Onjalalaina, G.E.; Nanjarisoa, O.P.",RML431,2014-05-09 00:00:00,Madagascar,K,K001037042,,,,,,,,,,,,,Not attempted,
Sarcolaena codonochlamys,K000391056,,,Sarcolaenaceae,Sarcolaena,Sarcolaena codonochlamys,,,,-13.7167,48.4,,"Perrier de la Bâthie, H.",15676,1923-02-01 00:00:00,Madagascar,K,K000391056,,,,,,,,,,,,,,
Sarcolaena codonochlamys,K000391055,,,Sarcolaenaceae,Sarcolaena,Sarcolaena codonochlamys,,,,-13.6833,48.45,,"Bernard, J.",1448,1948-05-02 00:00:00,Madagascar,K,K000391055; K000391055_a,,,,,,,,,,,,,,
Sarcolaena codonochlamys,K005508162,,,Sarcolaenaceae,Sarcolaena,Sarcolaena codonochlamys,,,,-13.9,48.4667,,"Gautier, L.; Wohlhauser, S.; Andrianjaka, M.",LG3362,1998-06-14 00:00:00,Madagascar,K,K005508162; K005508162_a,,,,,,,,,,,,,Not attempted,
Sarcolaena codonochlamys,K000300452,,,Sarcolaenaceae,Sarcolaena,Sarcolaena codonochlamys,,,,,,,"Baron, R.",6380,,Madagascar,K,K000300452,,,,,,,,,,,,,,
Sarcolaena codonochlamys,K000391057,,,Sarcolaenaceae,Sarcolaena,Sarcolaena codonochlamys,,,,-13.1833,49.05,,"Decary, R.",14795,1939-08-02 00:00:00,Madagascar,K,K000391057,,,,,,,,,,,,,,
Sarcolaena delphinensis,K005508163,,,Sarcolaenaceae,Sarcolaena,Sarcolaena delphinensis,,,,-24.5703,47.2003,,"Antilahimena, P.; et al.",4810,2006-01-01 00:00:00,Madagascar,K,K005508163,,,,,,,,,,,,,Not attempted,
Sarcolaena delphinensis,K005508164,,,Sarcolaenaceae,Sarcolaena,Sarcolaena delphinensis,,,,-24.5675,47.1992,,"Razakamalala, R.; Rabehevitra, D.; Maka, M.; Roger; Mara, B.",3836,2007-12-10 00:00:00,Madagascar,K,K005508164,,,,,,,,,,,,,Not attempted,
Sarcolaena delphinensis,K000456327,,,Sarcolaenaceae,Sarcolaena,Sarcolaena delphinensis,,Isotype,Sarcolaena delphinensis,-25,46.9667,,"Humbert, H.",5996,1928-01-01 00:00:00,Madagascar,K,K000456327,,,,,,,,,,,,,,
Sarcolaena eriophora,K005508168,,,Sarcolaenaceae,Sarcolaena,Sarcolaena eriophora,,,,-18.8167,48.4333,,"Ralimanana, H.; Birkinshaw, C.; Ranaivojaona, R.; Randrianaivo, R.; Ravololonanahary, H.; Kotonorina, M.",7,1996-09-21 00:00:00,Madagascar,K,K005508168,,,,,,,,,,,,,Not attempted,
Sarcolaena eriophora,K001641502,,,Sarcolaenaceae,Sarcolaena,Sarcolaena eriophora,,,,-24.9333,47.05,,"Du Puy, B.; Du Puy, D.",MB547,,Madagascar,K,K001641502,,,,,,,,,,,,,Not attempted,
Sarcolaena eriophora,K001934136,,,Sarcolaenaceae,Sarcolaena,Sarcolaena eriophora,,,,-24.9333,47.05,,"Du Puy, B.; Du Puy, D.",MB547,,Madagascar,K,K001934136,,,,,,,,,,,,,Not attempted,
Sarcolaena eriophora,K006871461,,,Sarcolaenaceae,Sarcolaena,Sarcolaena eriophora,,,,-24.7742,47.1528,,"Andrianarivelo, S.A.F.; Razakamalala, R.",66,2019-11-07 00:00:00,Madagascar,K,K006871461,,,,,,,,,,,,,Not attempted,
Sarcolaena eriophora,K000300445,,,Sarcolaenaceae,Sarcolaena,Sarcolaena eriophora,,,,,,,"Scott Elliot, G.F.",2704,1890-05-01 00:00:00,Madagascar,K,K000300445,,,,,,,,,,,,,,
Sarcolaena eriophora,K005508167,,,Sarcolaenaceae,Sarcolaena,Sarcolaena eriophora,,,,-24.9508,47.0008,,"Rabevahitra, R.; Ramisy, E.; Randriahasipara, L.; Rabenantoandro, J.",3702,2000-09-29 00:00:00,Madagascar,K,K005508167,,,,,,,,,,,,,Not attempted,
Sarcolaena eriophora,K005508165,,,Sarcolaenaceae,Sarcolaena,Sarcolaena eriophora,,,,-23.1886,47.6878,,"Ludovic, R.; Ratina; Mbiky, A.",912,2004-09-28 00:00:00,Madagascar,K,K005508165,,,,,,,,,,,,,Not attempted,
Sarcolaena eriophora,K000391053,,,Sarcolaenaceae,Sarcolaena,Sarcolaena eriophora,,,,,,,s.coll.,28644,1968-12-09 00:00:00,Madagascar,K,K000391053,,,,,,,,,,,,,,
Sarcolaena eriophora,K005508166,,,Sarcolaenaceae,Sarcolaena,Sarcolaena eriophora,,,,-24.95,47,,"Bourgeois, C.",183,1999-05-10 00:00:00,Madagascar,K,K005508166,,,,,,,,,,,,,Not attempted,
Sarcolaena eriophora,K000391052,,,Sarcolaenaceae,Sarcolaena,Sarcolaena eriophora,,,,-24.95,47.0333,,"Zarucchi, J.L.; Rakotobe, E.; Razafimandrimbison, S.G.; Pool, A.",7602,1991-06-13 00:00:00,Madagascar,K,K000391052,,,,,,,,,,,,,Not attempted,
Sarcolaena grandiflora,K000300450,,,Sarcolaenaceae,Sarcolaena,Sarcolaena grandiflora,,,,,,,"Humblot, L.",163,,Madagascar,K,K000300450,,,,,,,,,,,,,,
Sarcolaena grandiflora,K006960687,,,Sarcolaenaceae,Sarcolaena,Sarcolaena grandiflora,,,,-17.705,49.4606,,Gervais,457,2023-04-13 00:00:00,Madagascar,K,,,,,,,,,,,,,,Not attempted,
Sarcolaena grandiflora,K000300449,,,Sarcolaenaceae,Sarcolaena,Sarcolaena grandiflora,,Type,Sarcolaena multiflora,,,,"Thouars, A.",s.n.,,Madagascar,K,K000300449,,,,,,,,,,,,,,
Sarcolaena grandiflora,K000300446,,,Sarcolaenaceae,Sarcolaena,Sarcolaena grandiflora,,,,,,,"Blackburn, J.",s.n.,,Madagascar,K,K000300446,,,,,,,,,,,,,,
Sarcolaena grandiflora,K005508170,,,Sarcolaenaceae,Sarcolaena,Sarcolaena grandiflora,,,,-15.7329,49.9584,,"Aridy, J.; Mora, J.L.; Bauert, M.; Raherison, E.",JA669,2008-05-21 00:00:00,Madagascar,K,K005508170,,,,,,,,,,,,,Not attempted,
Sarcolaena grandiflora,K000300448,,,Sarcolaenaceae,Sarcolaena,Sarcolaena grandiflora,,,,,,,"Gerrard, W.T.",165,1866-06-21 00:00:00,Madagascar,K,K000300448,,,,,,,,,,,,,,
Sarcolaena grandiflora,K005508169,,,Sarcolaenaceae,Sarcolaena,Sarcolaena grandiflora,,,,-17.4061,49.4086,,"Razakamalala, R.; Rabenantoandro, J.; Razafindraibe, H.; Ludovic, R.",141,2001-06-30 00:00:00,Madagascar,K,K005508169,,,,,,,,,,,,,Not attempted,
Sarcolaena grandiflora,K000300451,,,Sarcolaenaceae,Sarcolaena,Sarcolaena grandiflora,,,,,,,"Lowry, P.P.; Rakotozafy, A.; Nicoll, M.",3994,1986-10-05 00:00:00,Madagascar,K,K000300451,,,,,,,,,,,,,,
Sarcolaena grandiflora,K000952108,,,Sarcolaenaceae,Sarcolaena,Sarcolaena grandiflora,,,,-14.1456,48.0911,,"Onjalalaina, G.E.; Rakotonasolo, F.; Rakotoarisoa, S.; Ralimanana, H.; Rabarijaona, N.R.; Andrianarivo, H.; Rabarivola, M.L.",OLG11,2013-09-12 00:00:00,Madagascar,K,K000952108,,,,,,,,,,,,,Not attempted,
Sarcolaena grandiflora,K000391054,,,Sarcolaenaceae,Sarcolaena,Sarcolaena grandiflora,,,,-17.4833,49.4667,,"Capuron, R.",18148,1957-08-30 00:00:00,Madagascar,K,K000391054,,,,,,,,,,,,,,
Sarcolaena grandiflora,K000300447,,,Sarcolaenaceae,Sarcolaena,Sarcolaena grandiflora,,,,,,,Forbes,s.n.,,Madagascar,K,K000300447,,,,,,,,,,,,,,
Sarcolaena humbertiana,K000391058,,,Sarcolaenaceae,Sarcolaena,Sarcolaena humbertiana,,,,-18.1667,47.3,,"Humbert, H.",11098,1933-10-01 00:00:00,Madagascar,K,K000391058,,,,,,,,,,,,,,
Sarcolaena isaloensis,K005508171,,,Sarcolaenaceae,Sarcolaena,Sarcolaena isaloensis,,,,-22.6142,45.3458,,"Ludovic, R.; Razafitsalama, L.J.",96,2001-05-28 00:00:00,Madagascar,K,K005508171,,,,,,,,,,,,,Not attempted,
Sarcolaena isaloensis,K000391059,,,Sarcolaenaceae,Sarcolaena,Sarcolaena isaloensis,,,,-22.4,45.2833,,"Léandri, J.; Saboureau, P.",3951,1960-11-20 00:00:00,Madagascar,K,K000391059,,,,,,,,,,,,,,
Sarcolaena multiflora,K005508177,,,Sarcolaenaceae,Sarcolaena,Sarcolaena multiflora,,,,-18.8333,49.1667,,"Randrianasolo, A.",223,1992-06-27 00:00:00,Madagascar,K,K005508177; K005508177_a,,,,,,,,,,,,,Not attempted,
Sarcolaena multiflora,K005508184,,,Sarcolaenaceae,Sarcolaena,Sarcolaena multiflora,,,,-24.0333,46.95,,"Randrianasolo, A.",253,1992-08-05 00:00:00,Madagascar,K,K005508184,,,,,,,,,,,,,Not attempted,
Sarcolaena multiflora,K005508176,,,Sarcolaenaceae,Sarcolaena,Sarcolaena multiflora,,,,-18.8333,49.1667,,"Randrianasolo, A.",223,1992-06-27 00:00:00,Madagascar,K,K005508176,,,,,,,,,,,,,Not attempted,
Sarcolaena multiflora,K000391080,,,Sarcolaenaceae,Sarcolaena,Sarcolaena multiflora,,,,-24.95,47,,"Dumetz, N.; Gereau, R.E.; Rabevohitra, R.",706,1989-04-20 00:00:00,Madagascar,K,K000391080; K000391080_a,,,,,,,,,,,,,,
Sarcolaena multiflora,K005508193,,,Sarcolaenaceae,Sarcolaena,Sarcolaena multiflora,,,,,,,"Humbert, H.; Capuron, R.",24429,1950-11-29 00:00:00,Madagascar,K,K005508193,,,,,,,,,,,,,Not attempted,
Sarcolaena multiflora,K000391074,,,Sarcolaenaceae,Sarcolaena,Sarcolaena multiflora,,,,-17.8167,49.4667,,"Dorr, L.J.; Barnett, L.C.; Leeuwenberg, A.J.M.; Ralimanana, N.",4459,1985-12-07 00:00:00,Madagascar,K,K000391074,,,,,,,,,,,,,,
Sarcolaena multiflora,K001639091,,,Sarcolaenaceae,Sarcolaena,Sarcolaena multiflora,,,,,,,"Razafindratsima, O.H.; Randrinasolo, M.; Tafitamahandry, A.",34,2017-01-07 00:00:00,Madagascar,K,K001639091,,,,,,,,,,,,,Not attempted,
Sarcolaena multiflora,K000751292,,,Sarcolaenaceae,Sarcolaena,Sarcolaena multiflora,,,,-24.95,46.9833,,"Ralimanana, H.; Randriamboavonjy, T.; Vorontsova, M.; Rabehevitra, D.",RLI 1596,2011-11-02 00:00:00,Madagascar,K,K000751292,,,,,,,,,,,,,Not attempted,
Sarcolaena multiflora,K006871438,,,Sarcolaenaceae,Sarcolaena,Sarcolaena multiflora,,,,-16.8211,49.7603,,"Rajaonary, S.",140,2019-06-21 00:00:00,Madagascar,K,,,,,,,,,,,,,,Not attempted,
Sarcolaena multiflora,K006871457,,,Sarcolaenaceae,Sarcolaena,Sarcolaena multiflora,,,,-23.1906,47.7214,,"Rakotoarivelo, N.H.; Tamaizafy, P.",187,2007-09-01 00:00:00,Madagascar,K,K006871457,,,,,,,,,,,,,Not attempted,
Sarcolaena multiflora,K006960684,,,Sarcolaenaceae,Sarcolaena,Sarcolaena multiflora,,,,-18.8775,49.135,,"Randriatahina, J.; Ralainaorina, T.N.; Razafindraibe, H.",272,2022-03-04 00:00:00,Madagascar,K,,,,,,,,,,,,,,Not attempted,
Sarcolaena multiflora,K000391061,,,Sarcolaenaceae,Sarcolaena,Sarcolaena multiflora,,,,,,,"Humblot, L.",365,,Madagascar,K,K000391061,,,,,,,,,,,,,,
Sarcolaena multiflora,K000391066,,,Sarcolaenaceae,Sarcolaena,Sarcolaena multiflora,,,,,,,"Drake, E.",163,,Madagascar,K,K000391066,,,,,,,,,,,,,,
Sarcolaena multiflora,K000391063,,,Sarcolaenaceae,Sarcolaena,Sarcolaena multiflora,,,,,,,"Baron, R.",1608,1882-10-01 00:00:00,Madagascar,K,K000391063,,,,,,,,,,,,,,
Sarcolaena multiflora,K005508183,,,Sarcolaenaceae,Sarcolaena,Sarcolaena multiflora,,,,-15.73,49.6558,,"Rabenantoandro, J.; Thierry, R.; Novel",901,2002-02-19 00:00:00,Madagascar,K,K005508183,,,,,,,,,,,,,Not attempted,
Sarcolaena multiflora,K005508175,,,Sarcolaenaceae,Sarcolaena,Sarcolaena multiflora,,,,-16.8672,49.6811,,"Rabevohitra, R.; Rakotomamonjy",4869,2004-01-29 00:00:00,Madagascar,K,K005508175,,,,,,,,,,,,,Not attempted,
Sarcolaena multiflora,K000391073,,,Sarcolaenaceae,Sarcolaena,Sarcolaena multiflora,,,,-24.9667,47.0333,,"Gereau, R.E.; Dumetz, N.",3266,1989-03-15 00:00:00,Madagascar,K,K000391073; K000391073_a,,,,,,,,,,,,,,
Sarcolaena multiflora,K005508174,,,Sarcolaenaceae,Sarcolaena,Sarcolaena multiflora,,,,-20.3583,48.6139,,"Rolland Ranaivojaona; Razakamalala, R.",880,2004-09-30 00:00:00,Madagascar,K,K005508174; K005508174_a,,,,,,,,,,,,,Not attempted,
Sarcolaena multiflora,K005508180,,,Sarcolaenaceae,Sarcolaena,Sarcolaena multiflora,,,,-13.7658,47.9864,,"Bernard, R.; et al.",1359,2009-01-25 00:00:00,Madagascar,K,K005508180,,,,,,,,,,,,,Not attempted,
Sarcolaena multiflora,K000391067,,,Sarcolaenaceae,Sarcolaena,Sarcolaena multiflora,,,,-18.5167,49.2833,,"Perrier de la Bâthie, H.",13265,1920-10-01 00:00:00,Madagascar,K,K000391067,,,,,,,,,,,,,,
Sarcolaena multiflora,K000391079,,,Sarcolaenaceae,Sarcolaena,Sarcolaena multiflora,,,,-17.4833,49.4667,,"Capuron, R.",18149,1957-08-30 00:00:00,Madagascar,K,K000391079,,,,,,,,,,,,,,
Sarcolaena multiflora,K005508178,,,Sarcolaenaceae,Sarcolaena,Sarcolaena multiflora,,,,-15.7825,-49.9608,,"Antilahimena, P.",2997,2004-10-27 00:00:00,Madagascar,K,K005508178,,,,,,,,,,,,,Not attempted,
Sarcolaena multiflora,K000391069,,,Sarcolaenaceae,Sarcolaena,Sarcolaena multiflora,,,,-24.7833,47.0333,,"Zarucchi, J.; Rakotobe, E.; Randrianasolo, A.; Pool, A.",7505,1991-05-26 00:00:00,Madagascar,K,K000391069,,,,,,,,,,,,,Not attempted,
Sarcolaena multiflora,K005508192,,,Sarcolaenaceae,Sarcolaena,Sarcolaena multiflora,,,,-18.5806,49.2544,,"Rabenantoandro, J.; Razakamalala, R.; Paul, J.",845,2001-12-08 00:00:00,Madagascar,K,K005508192,,,,,,,,,,,,,Not attempted,
Sarcolaena multiflora,K000391060,,,Sarcolaenaceae,Sarcolaena,Sarcolaena multiflora,,,,-23.09,47.755,,"Hoffmann, P.; Ranaivojaona, R.; Ralimanana, H.; Richard, J.; Ramaharitra, J.",299,2000-10-25 00:00:00,Madagascar,K,K000391060,,,,,,,,,,,,,,
Sarcolaena multiflora,K005508181,,,Sarcolaenaceae,Sarcolaena,Sarcolaena multiflora,,,,-24.7792,47.175,,"Phillipson, P.B.; Clement, R.A.; Rafamantanantsoa, G.",3959,1992-03-22 00:00:00,Madagascar,K,K005508181,,,,,,,,,,,,,Not attempted,
Sarcolaena multiflora,K000391075,,,Sarcolaenaceae,Sarcolaena,Sarcolaena multiflora,,,,-18.8,49.15,,"Keating, R.C.; Miller, J.S.",2249,1989-11-14 00:00:00,Madagascar,K,K000391075,,,,,,,,,,,,,,
Sarcolaena multiflora,K000391068,,,Sarcolaenaceae,Sarcolaena,Sarcolaena multiflora,,,,-24.9356,47.0292,,"Rakotonasolo, F.; Ranaivojaona, R.; Ralimanana, H.; Davis, A.P.",75,2001-02-11 00:00:00,Madagascar,K,K000391068,,,,,,,,,,,,,,
Sarcolaena multiflora,K001275478,,,Sarcolaenaceae,Sarcolaena,Sarcolaena multiflora,,,,-20.3728,48.5544,,"Razakamalala, R.; Ranaivojaona, R.; Rogers, Z.",1122,2004-04-16 00:00:00,Madagascar,K,K001275478,,,,,,,,,,,,,,
Sarcolaena multiflora,K000391076,,,Sarcolaenaceae,Sarcolaena,Sarcolaena multiflora,,,,-14.2667,50.1667,,"Capuron, R.",9244,1954-09-28 00:00:00,Madagascar,K,K000391076,,,,,,,,,,,,,,
Sarcolaena multiflora,K000391071,,,Sarcolaenaceae,Sarcolaena,Sarcolaena multiflora,,,,-17.7667,49.4833,,"Dorr, L.J.; Barnett, L.C.",3392,1984-12-12 00:00:00,Madagascar,K,K000391071,,,,,,,,,,,,,,
Sarcolaena multiflora,K005508185,,,Sarcolaenaceae,Sarcolaena,Sarcolaena multiflora,,,,-24.0333,46.95,,"Randrianasolo, A.",253,1992-08-05 00:00:00,Madagascar,K,K005508185,,,,,,,,,,,,,Not attempted,
Sarcolaena multiflora,K001913801,,,Sarcolaenaceae,Sarcolaena,Sarcolaena multiflora,,,,-13.7543,47.972,,"Tahinarivony, A.J.; Rasoanaivo, N.S.",TAJ688,2012-06-13 00:00:00,Madagascar,K,K001913801,,,,,,,,,,,,,Not attempted,
Sarcolaena multiflora,K000391078,,,Sarcolaenaceae,Sarcolaena,Sarcolaena multiflora,,,,-18.8167,49.1333,,"Boiteau, P.",457,1966-11-07 00:00:00,Madagascar,K,K000391078,,,,,,,,,,,,,,
Sarcolaena multiflora,K005508172,,,Sarcolaenaceae,Sarcolaena,Sarcolaena multiflora,,,,-24.95,47,,"Bourgeois, C.",142,1999-05-04 00:00:00,Madagascar,K,K005508172,,,,,,,,,,,,,Not attempted,
Sarcolaena multiflora,K000391083,,,Sarcolaenaceae,Sarcolaena,Sarcolaena multiflora,,,,-25,46.8833,,"Lam, H.J.; Meeuse, A.D.J.",5579,1938-11-30 00:00:00,Madagascar,K,K000391083,,,,,,,,,,,,,,
Sarcolaena multiflora,K005508173,,,Sarcolaenaceae,Sarcolaena,Sarcolaena multiflora,,,,-17.6392,49.4839,,"Koopman, M.; Randriansasolo, A.; Ratovoson, F.; Hong Wa, C.",112,2002-11-16 00:00:00,Madagascar,K,K005508173,,,,,,,,,,,,,Not attempted,
Sarcolaena multiflora,K000391077,,,Sarcolaenaceae,Sarcolaena,Sarcolaena multiflora,,,,-24.95,46.9833,,"Pelet, M.; Coudreau, M.",6,1936-10-29 00:00:00,Madagascar,K,K000391077,,,,,,,,,,,,,,
Sarcolaena multiflora,K000391070,,,Sarcolaenaceae,Sarcolaena,Sarcolaena multiflora,,,,-24.95,47,,"Dorr, L.J.; Barnett, L.C.; Rakotozafy, A.; Cheek, M.R.; Razafimalala, N.",3996,1985-03-16 00:00:00,Madagascar,K,K000391070,,,,,,,,,,,,,,
Sarcolaena multiflora,K000391062,,,Sarcolaenaceae,Sarcolaena,Sarcolaena multiflora,,,,,,,"Humblot, L.",165,,Madagascar,K,K000391062,,,,,,,,,,,,,,
Sarcolaena multiflora,K000391081,,,Sarcolaenaceae,Sarcolaena,Sarcolaena multiflora,,,,-18.0167,49.4,,"Croat, T.B.",32592,1975-02-28 00:00:00,Madagascar,K,K000391081,,,,,,,,,,,,,,
Sarcolaena multiflora,K000391065,,,Sarcolaenaceae,Sarcolaena,Sarcolaena multiflora,,,,,,,"Baron, R.",4650,,Madagascar,K,K000391065,,,,,,,,,,,,,,
Sarcolaena multiflora,K000391082,,,Sarcolaenaceae,Sarcolaena,Sarcolaena multiflora,,,,-17.7,49.4667,,"Dorr, L.J.; Barnett, L.C.",3317,1984-12-07 00:00:00,Madagascar,K,K000391082,,,,,,,,,,,,,,
Sarcolaena multiflora,K005508182,,,Sarcolaenaceae,Sarcolaena,Sarcolaena multiflora,,,,-15.7408,49.9619,,"Labat, J.N.; Poncy, O.",3408,2001-10-24 00:00:00,Madagascar,K,K005508182,,,,,,,,,,,,,Not attempted,
Sarcolaena multiflora,K005508179,,,Sarcolaenaceae,Sarcolaena,Sarcolaena multiflora,,,,-13.7575,47.9814,,"Madiomanana, M.C.; Ammann, M.Y.; Tahinarivony, A.J.",MAD244,2009-01-20 00:00:00,Madagascar,K,K005508179; K005508179_a,,,,,,,,,,,,,Not attempted,
Sarcolaena multiflora,K000391072,,,Sarcolaenaceae,Sarcolaena,Sarcolaena multiflora,,,,-18.85,49.1333,,"Schatz, G.E.; D'Arcy, W.",1484,1987-08-29 00:00:00,Madagascar,K,K000391072,,,,,,,,,,,,,,
Sarcolaena multiflora,K000391064,,,Sarcolaenaceae,Sarcolaena,Sarcolaena multiflora,,,,,,,"Baron, R.",1608,1889-06-01 00:00:00,Madagascar,K,K000391064,,,,,,,,,,,,,,
Sarcolaena multiflora,K005508191,,,Sarcolaenaceae,Sarcolaena,Sarcolaena multiflora,,,,,,,"Humbert, H.; Capuron, R.",24429,1950-11-29 00:00:00,Madagascar,K,K005508191,,,,,,,,,,,,,Not attempted,
Sarcolaena oblongifolia,K005508200,,,Sarcolaenaceae,Sarcolaena,Sarcolaena oblongifolia,,,,-18.4069,47.9394,,"Gereau, R.E.; Rakotomalaza, P.J.; Razafindrabeaza, T.; Rafamatanantsoa, G.; Andriastsiferana, F.",5683,1995-04-07 00:00:00,Madagascar,K,K005508200,,,,,,,,,,,,,Not attempted,
Sarcolaena oblongifolia,K000663435,,,Sarcolaenaceae,Sarcolaena,Sarcolaena oblongifolia,,,,-20.6172,46.5564,,"Andrianaivoravelona, B.; Rakotoarinivo, M.; Ratovonirina, G.; Rajaonarison, R.; Fety",ANB346,2010-08-20 00:00:00,Madagascar,K,K000663435,,,,,,,,,,,,,Not attempted,
Sarcolaena oblongifolia,K005645074,,,Sarcolaenaceae,Sarcolaena,Sarcolaena oblongifolia,,,,-18.3667,47.7833,,"Zarucchi, J.L.; Rakotobe, E.; Randrianasolo, A.; Pool, A.",7371,1991-05-08 00:00:00,Madagascar,K,K005645074,,,,,,,,,,,,,Not attempted,
Sarcolaena oblongifolia,K005508189,,,Sarcolaenaceae,Sarcolaena,Sarcolaena oblongifolia,,,,-20.5764,46.5858,,"Du Puy, D.J.; Moat, J.",M915,,Madagascar,K,K005508189,,,,,,,,,,,,,Not attempted,
Sarcolaena oblongifolia,K005645075,,,Sarcolaenaceae,Sarcolaena,Sarcolaena oblongifolia,,,,-18.95,47.95,,"Miller, J.; Schatz, G.E.",6275,1991-04-07 00:00:00,Madagascar,K,K005645075,,,,,,,,,,,,,Not attempted,
Sarcolaena oblongifolia,K005508196,,,Sarcolaenaceae,Sarcolaena,Sarcolaena oblongifolia,,,,-20.0669,47.0131,,"Ranarivelo, T.; Roberts, D.; Cribb, P.; Razafindraibe, H.",RTI471,2007-02-10 00:00:00,Madagascar,K,K005508196,,,,,,,,,,,,,Not attempted,
Sarcolaena oblongifolia,K005508195,,,Sarcolaenaceae,Sarcolaena,Sarcolaena oblongifolia,,,,-20.6172,46.5564,,"Andrianaivoravelona, B.; Rakotoarinivo, M.; Ratovonirina, G.; Rajaonarison, R.; Fety",ANB346,2010-08-02 00:00:00,Madagascar,K,K005508195,,,,,,,,,,,,,Not attempted,
Sarcolaena oblongifolia,K000753913,,,Sarcolaenaceae,Sarcolaena,Sarcolaena oblongifolia,,,,-20.6106,46.6097,,"Randriamboavonjy, T.; Raharimampionina, J.; Ratovonirina, G.; Rafanomezantsoa, A.; Rakotonirina, J.N.",RTI 1192,2013-04-20 00:00:00,Madagascar,K,K000753913,,,,,,,,,,,,,Not attempted,
Sarcolaena oblongifolia,K001303337,,,Sarcolaenaceae,Sarcolaena,Sarcolaena oblongifolia,,,,-20.5572,46.4544,,"Rakotonasolo, F.; Randrianasolo, V.; Rajaovelona, L.",MDG113_18 106,2018-09-03 00:00:00,Madagascar,K,,,,,,,,,,,,,,Not attempted,
Sarcolaena oblongifolia,K001521903,,,Sarcolaenaceae,Sarcolaena,Sarcolaena oblongifolia,,,,-20.5353,46.3961,,"Rakotonasolo, F.; Rajaovelona, L.; Rakotoarisoa, A.A.; Rahaingoson, F.R.; Razanandrakoto, H.",MDG 113_8 128,2019-05-26 00:00:00,Madagascar,K,,,,,,,,,,,,,,Not attempted,
Sarcolaena oblongifolia,K001303273,,,Sarcolaenaceae,Sarcolaena,Sarcolaena oblongifolia,,,,-20.5031,46.5522,,"Rakotonasolo, F.; Rajaovelona, L.",MDG113_19 31,2019-02-23 00:00:00,Madagascar,K,,,,,,,,,,,,,,Not attempted,
Sarcolaena oblongifolia,K001303221,,,Sarcolaenaceae,Sarcolaena,Sarcolaena oblongifolia,,,,-20.6147,46.9164,,"Rakotonasolo, F.; Rajaovelona, L.; Rakotoarisoa, A.; Razanandrakoto, H.",MDG05-12-19 202,2019-12-16 00:00:00,Madagascar,K,,,,,,,,,,,,,,Not attempted,
Sarcolaena oblongifolia,K001898030,,,Sarcolaenaceae,Sarcolaena,Sarcolaena oblongifolia,,,,-19.1419,48.5361,,"Razanatsima, A.; Zafindrafeno, C.; Foara",1690,2017-04-24 00:00:00,Madagascar,K,K001898030,,,,,,,,,,,,,Not attempted,
Sarcolaena oblongifolia,K001899368,,,Sarcolaenaceae,Sarcolaena,Sarcolaena oblongifolia,,,,-20.2281,46.5153,,"Rakotoarinivo,M.",RMJ 150,2004-05-22 00:00:00,Madagascar,K,K001899368,,,,,,,,,,,,,Not attempted,
Sarcolaena oblongifolia,K001037198,,,Sarcolaenaceae,Sarcolaena,Sarcolaena oblongifolia,,,,-19.0658,48.5711,,"Ratovonirina, G.; Andrianaivoravelona, B.; Byng, J.",RGD 120,2011-11-27 00:00:00,Madagascar,K,K001037198,,,,,,,,,,,,,Not attempted,
Sarcolaena oblongifolia,K005508199,,,Sarcolaenaceae,Sarcolaena,Sarcolaena oblongifolia,,,,-20.7622,48.4853,,"Koopman, M.; Rabenantoandro, J.; Razakamalala, R.",148,2002-12-07 00:00:00,Madagascar,K,K005508199,,,,,,,,,,,,,Not attempted,
Sarcolaena oblongifolia,K005508198,,,Sarcolaenaceae,Sarcolaena,Sarcolaena oblongifolia,,,,-19.1281,48.4006,,"Randrianasolo, A.; Razanatsima, A.; Ranaivojaona, R.; Razakamalala, R.; Rasoarivety, L.; Rakotoarivony, F.",1119,2007-05-30 00:00:00,Madagascar,K,K005508198,,,,,,,,,,,,,Not attempted,
Sarcolaena oblongifolia,K005645077,,,Sarcolaenaceae,Sarcolaena,Sarcolaena oblongifolia,,,,-18.9167,47.5167,,s.coll.,s.n.,,Madagascar,K,K005645077,,,,,,,,,,,,,Not attempted,
Sarcolaena oblongifolia,K005508188,,,Sarcolaenaceae,Sarcolaena,Sarcolaena oblongifolia,,,,-20.5906,46.5958,,"Du Puy, D.J.; Andriantiana, J.; Labat, J.N.",2379,1993-11-21 00:00:00,Madagascar,K,K005508188,,,,,,,,,,,,,Not attempted,
Sarcolaena oblongifolia,K005645069,,,Sarcolaenaceae,Sarcolaena,Sarcolaena oblongifolia,,,,-20.55,46.5833,,"McPherson, G.; van der Werff, H.",16464,1994-10-27 00:00:00,Madagascar,K,K005645069,,,,,,,,,,,,,Not attempted,
Sarcolaena oblongifolia,K005645057,,,Sarcolaenaceae,Sarcolaena,Sarcolaena oblongifolia,,,,,,,"Capuron, R.",11675SF,,Madagascar,K,K005645057,,,,,,,,,,,,,Not attempted,
Sarcolaena oblongifolia,K000952455,,,Sarcolaenaceae,Sarcolaena,Sarcolaena oblongifolia,,,,,,,"Andrianaivoravelona, B.; Ratovonirina, G.; Byng, J.",ANB496,2011-11-29 00:00:00,Madagascar,K,K000952455,,,,,,,,,,,,,Not attempted,
Sarcolaena oblongifolia,K005645058,,,Sarcolaenaceae,Sarcolaena,Sarcolaena oblongifolia,,,,-20.2361,47.0997,,"Labat, J.-N.; Haevermans, T.; Rabenantoandro, J.",3013,1999-03-23 00:00:00,Madagascar,K,K005645058,,,,,,,,,,,,,Not attempted,
Sarcolaena oblongifolia,K005508194,,,Sarcolaenaceae,Sarcolaena,Sarcolaena oblongifolia,,,,-20.5731,46.5864,,"Andrianaivoravelona, B.; Ratovonirina, G.; Schuman, L.; Randriamampionona",ANB458,2011-06-20 00:00:00,Madagascar,K,K005508194,,,,,,,,,,,,,Not attempted,
Sarcolaena oblongifolia,K005508190,,,Sarcolaenaceae,Sarcolaena,Sarcolaena oblongifolia,,,,-20.5764,46.5858,,"Du Puy, D.J.; Moat, J.",M915,,Madagascar,K,K005508190,,,,,,,,,,,,,Not attempted,
Sarcolaena oblongifolia,K005645072,,,Sarcolaenaceae,Sarcolaena,Sarcolaena oblongifolia,,,,-14.7,49.45,,"Ravelonarivo, D.; Rabary, A.",1039,1996-09-13 00:00:00,Madagascar,K,K005645072,,,,,,,,,,,,,Not attempted,
Sarcolaena oblongifolia,K005645056,,,Sarcolaenaceae,Sarcolaena,Sarcolaena oblongifolia,,,,-20.6017,46.5717,,"Messmer, N.; Andriatsiferana, F.",NM780,1999-02-05 00:00:00,Madagascar,K,K005645056,,,,,,,,,,,,,Not attempted,
Sarcolaena oblongifolia,K000751464,,,Sarcolaenaceae,Sarcolaena,Sarcolaena oblongifolia,,,,-20.5181,46.5658,,"Randriamboavonjy, T.; Rajaovelona, L.R.; Ratovonirina, G.",RTI927,2011-09-23 00:00:00,Madagascar,K,K000751464,,,,,,,,,,,,,Not attempted,
Sarcolaena oblongifolia,K005645073,,,Sarcolaenaceae,Sarcolaena,Sarcolaena oblongifolia,,,,-20.0778,47.0028,,"Randrianaivo, R.; Ranaivojaona, R.; Birkinshaw, C.; Ravololonanahary, H.; Ralimanana, H.; Randrianasolo, A.",5,1996-10-03 00:00:00,Madagascar,K,K005645073,,,,,,,,,,,,,Not attempted,
Sarcolaena oblongifolia,K005508187,,,Sarcolaenaceae,Sarcolaena,Sarcolaena oblongifolia,,,,-20.3725,48.5542,,"Rabehevitra, D.; Ludovic, R.; Edmond",828,2004-02-12 00:00:00,Madagascar,K,K005508187,,,,,,,,,,,,,Not attempted,
Sarcolaena oblongifolia,K000240333,,,Sarcolaenaceae,Sarcolaena,Sarcolaena oblongifolia,,Unknown,,,,,,13575,,Madagascar,K,K000240333,,,,,,,,,,,,,,
Sarcolaena oblongifolia,K000751911,,,Sarcolaenaceae,Sarcolaena,Sarcolaena oblongifolia,,,,-23.535,47.0847,,"Rapanarivo, S.H.J.V.; Ralimanana, H.; Rakotonasolo, F.; Razafimandimby, J.J.; Nestor; Momedany, N.",RS687,2017-06-04 00:00:00,Madagascar,K,K000751911; K000751911_a,,,,,,,,,,,,,Not attempted,
Sarcolaena oblongifolia,K005645076,,,Sarcolaenaceae,Sarcolaena,Sarcolaena oblongifolia,,,,,,,"Dorr, L.J.; Barnett, L.C.; Rakotozafy, A.; Cheek, M.R.; Razafimalala, N.",3840,1985-03-06 00:00:00,Madagascar,K,K005645076,,,,,,,,,,,,,Not attempted,
Sarcolaena oblongifolia,K005508197,,,Sarcolaenaceae,Sarcolaena,Sarcolaena oblongifolia,,,,-20.1778,47.0886,,"Ludovic, R.; Razafitsalama, J.; Birkinshaw, C.",1,2001-02-01 00:00:00,Madagascar,K,K005508197,,,,,,,,,,,,,Not attempted,
Sarcolaena oblongifolia,K005645071,,,Sarcolaenaceae,Sarcolaena,Sarcolaena oblongifolia,,,,-20.5667,46.7667,,"Randrianasolo, A.",233,1992-07-05 00:00:00,Madagascar,K,K005645071,,,,,,,,,,,,,Not attempted,
Sarcolaena oblongifolia,K001913800,,,Sarcolaenaceae,Sarcolaena,Sarcolaena oblongifolia,,,,,,,"Humbert, H.",30022,1955-01-17 00:00:00,Madagascar,K,K001913800,,,,,,,,,,,,,Not attempted,
Sarcolaena oblongifolia,K005508186,,,Sarcolaenaceae,Sarcolaena,Sarcolaena oblongifolia,,,,,,,"Deroin, T.; Badre, F.",138,1989-11-20 00:00:00,Madagascar,K,K005508186,,,,,,,,,,,,,Not attempted,
Sarcolaena oblongifolia,K005645055,,,Sarcolaenaceae,Sarcolaena,Sarcolaena oblongifolia,,,,-20.57,46.6033,,"Andriamahay, M. : SNGF",984,2005-01-19 00:00:00,Madagascar,K,K005645055,,,,,,,,,,,,,,
Sarcolaena oblongifolia,K005645070,,,Sarcolaenaceae,Sarcolaena,Sarcolaena oblongifolia,,,,,,,"Croat, T.B.",29205,1975-01-23 00:00:00,Madagascar,K,K005645070,,,,,,,,,,,,,Not attempted,
Sarcolaenaceae,K005630039,,,Sarcolaenaceae,,Sarcolaenaceae,,,,,,,s.coll.,[3019],,Madagascar,K,K005630039,,,,,,,,,,,,,Not attempted,
Sarcolaenaceae,K001622491,,,Sarcolaenaceae,,Sarcolaenaceae,,,,,,,"Rakotonasolo, F.; Randrianaolo, M.",RNF 508,2002-11-10 00:00:00,Madagascar,K,K001622491,,,,,,,,,,,,,Not attempted,
Schizolaena sp.,K000391152,,,Sarcolaenaceae,Schizolaena,Schizolaena sp.,,,,-20.25,47.15,,"Fosberg, F.R.",52375,1970-10-13 00:00:00,Madagascar,K,K000391152,,,,,,,,,,,,,,
Schizolaena sp.,K005434988,,,Sarcolaenaceae,Schizolaena,Schizolaena sp.,,,,,,,s.coll.,s.n.,2006-10-28 00:00:00,Madagascar,K,K005434988,,,,,,,,,,,,,Not attempted,
Schizolaena sp.,K000391146,,,Sarcolaenaceae,Schizolaena,Schizolaena sp.,,,,-20.55,46.5833,,"McPherson, G.; Werff, H., van der",16460,1994-10-27 00:00:00,Madagascar,K,K000391146,,,,,,,,,,,,,,
Schizolaena sp.,K006960692,,,Sarcolaenaceae,Schizolaena,Schizolaena sp.,,,,-14.1769,50.0856,,"Rakotonirina, Casmir Z.; Martial.; Ravelonarivo, D.",832,2021-11-13 00:00:00,Madagascar,K,,,,,,,,,,,,,,Not attempted,
Schizolaena sp.,K000391150,,,Sarcolaenaceae,Schizolaena,Schizolaena sp.,,,,-20.55,46.8,,"Humbert, H.; Capuron, R.",28092,1955-01-16 00:00:00,Madagascar,K,K000391150,,,,,,,,,,,,,,
Schizolaena sp.,K001913811,,,Sarcolaenaceae,Schizolaena,Schizolaena sp.,,,,-24.7833,46.0333,,"Lowry II, P.P.; Leeuwenberg, A.J.M.; Floret, J.J.; Rajemsa",4451,1988-04-27 00:00:00,Madagascar,K,K001913811,,,,,,,,,,,,,Not attempted,
Schizolaena sp.,K000391159,,,Sarcolaenaceae,Schizolaena,Schizolaena sp.,,,,-14.3333,48.0333,,"Capuron, R.",18890,1958-11-06 00:00:00,Madagascar,K,K000391159,,,,,,,,,,,,,,
Schizolaena sp.,K000391147,,,Sarcolaenaceae,Schizolaena,Schizolaena sp.,,,,-20.55,46.5833,,"McPherson, G.; Werff, H., van der",16460,1994-10-27 00:00:00,Madagascar,K,K000391147,,,,,,,,,,,,,,
Schizolaena sp.,K000391172,,,Sarcolaenaceae,Schizolaena,Schizolaena sp.,,,,-24.8833,47.1,,"Rabevohitra, R.; Dumetz, N.; Gereau, R.",1807,1989-03-31 00:00:00,Madagascar,K,K000391172,,,,,,,,,,,,,,
Schizolaena sp.,K000391158,,,Sarcolaenaceae,Schizolaena,Schizolaena sp.,,,,,,,"Baron, R.",6388,1892-01-01 00:00:00,Madagascar,K,K000391158,,,,,,,,,,,,,,
Schizolaena sp.,K000391148,,,Sarcolaenaceae,Schizolaena,Schizolaena sp.,,,,-20.5167,47.25,,"McPherson, G.; Werff, H., van der",16447,1994-10-27 00:00:00,Madagascar,K,K000391148,,,,,,,,,,,,,,
Schizolaena sp.,K000391155,,,Sarcolaenaceae,Schizolaena,Schizolaena sp.,,,,-24.575,47.2,,"Capuron, R.",28662,1968-12-14 00:00:00,Madagascar,K,K000391155,,,,,,,,,,,,,,
Schizolaena sp.,K000391149,,,Sarcolaenaceae,Schizolaena,Schizolaena sp.,,,,-20.5167,47.25,,"McPherson, G.; Werff, H., van der",16447,1994-10-27 00:00:00,Madagascar,K,K000391149,,,,,,,,,,,,,,
Schizolaena sp.,K000391162,,,Sarcolaenaceae,Schizolaena,Schizolaena sp.,,,,,,,"Baron, R.",6407,1892-01-01 00:00:00,Madagascar,K,K000391162,,,,,,,,,,,,,,
Schizolaena sp.,K000391161,,,Sarcolaenaceae,Schizolaena,Schizolaena sp.,,,,,,,"Baron, R.",6399,1892-01-01 00:00:00,Madagascar,K,K000391161,,,,,,,,,,,,,,
Schizolaena sp.,K000382197,,,Sarcolaenaceae,Schizolaena,Schizolaena sp.,,Type,Schizolaena,,,,"Capuron, R.",23630,1964-10-17 00:00:00,Madagascar,K,K000382197,,,,,,,,,,,,,,
Schizolaena sp.,K000391163,,,Sarcolaenaceae,Schizolaena,Schizolaena sp.,,,,-13.6333,48.4,,s.coll.,5052,1951-03-12 00:00:00,Madagascar,K,K000391163,,,,,,,,,,,,,,
Schizolaena sp.,K000391160,,,Sarcolaenaceae,Schizolaena,Schizolaena sp.,,,,,,,"Baron, R.",6364,1892-01-01 00:00:00,Madagascar,K,K000391160,,,,,,,,,,,,,,
Schizolaena sp.,K000391145,,,Sarcolaenaceae,Schizolaena,Schizolaena sp.,,Type,Schizolaena,-15.65,49.5833,,"Capuron, R.",9167,1954-04-01 00:00:00,Madagascar,K,,,,,,,,,,,,,,,
Schizolaena sp.,K000391151,,,Sarcolaenaceae,Schizolaena,Schizolaena sp.,,,,-19.4667,46.15,,"Capuron, R.",11572,1955-01-20 00:00:00,Madagascar,K,K000391151,,,,,,,,,,,,,,
Schizolaena sp.,K000391154,,,Sarcolaenaceae,Schizolaena,Schizolaena sp.,,,,,,,"Perrier de la Bâthie, H.",16589,1925-10-01 00:00:00,Madagascar,K,K000391154,,,,,,,,,,,,,,
Schizolaena capuronii,K000240310,,,Sarcolaenaceae,Schizolaena,Schizolaena capuronii,,Type,Schizolaena capuronii,,,,"Capuron, R.",9092-SF,1954-03-02 00:00:00,Madagascar,K,K000240310,,,,,,,,,,,,,,
Schizolaena cauliflora,K000391167,,,Sarcolaenaceae,Schizolaena,Schizolaena cauliflora,,,,,,,"Humblot, M.",196,1978-10-01 00:00:00,Madagascar,K,K000391167; K000391167_a,,,,,,,,,,,,,,
Schizolaena cauliflora,K000391168,,,Sarcolaenaceae,Schizolaena,Schizolaena cauliflora,,,,-17.2833,49.4,,"Capuron, R.",16098,,Madagascar,K,K000391168,,,,,,,,,,,,,,
Schizolaena cauliflora,K005434937,,,Sarcolaenaceae,Schizolaena,Schizolaena cauliflora,,,,-20.8019,48.4822,,"Rabenantoandro, J.; Razakamalala, R.; Koopman, M.; Gaspard(guide); et al.",1166,2002-12-11 00:00:00,Madagascar,K,K005434937,,,,,,,,,,,,,Not attempted,
Schizolaena cauliflora,K000300458,,,Sarcolaenaceae,Schizolaena,Schizolaena cauliflora,,,,,,,"Gerrard, W.T.",120,1866-06-21 00:00:00,Madagascar,K,K000300458,,,,,,,,,,,,,,
Schizolaena cavacoana,K000300459,,,Sarcolaenaceae,Schizolaena,Schizolaena cavacoana,,,,,,,Service Forestier de Madagascar,9127,1954-03-10 00:00:00,Madagascar,K,K000300459,,,,,,,,,,,,,,
Schizolaena cavacoana,K000300460,,,Sarcolaenaceae,Schizolaena,Schizolaena cavacoana,,,,,,,Service Forestier de Madagascar,9111,1954-03-06 00:00:00,Madagascar,K,K000300460,,,,,,,,,,,,,,
Schizolaena charlotteae,K000743668,,,Sarcolaenaceae,Schizolaena,Schizolaena charlotteae,,Type,Schizolaena charlotteae,-24.5694,47.2103,,"Antilahimena, P., et al.",4876,2006-05-24 00:00:00,Madagascar,K,K000743668,,,,,,,,,,,,,,
Schizolaena elongata,K005434941,,,Sarcolaenaceae,Schizolaena,Schizolaena elongata,,,,-16.8531,49.9528,,"McPherson, G.; Rabenantoandro, J.; Razakamalala, R.",18920,2003-05-13 00:00:00,Madagascar,K,K005434941,,,,,,,,,,,,,Not attempted,
Schizolaena elongata,K000391166,,,Sarcolaenaceae,Schizolaena,Schizolaena elongata,,,,-24.95,46.9833,,"Rabevohitra, R.",2415,1990-11-08 00:00:00,Madagascar,K,K000391166,,,,,,,,,,,,,,
Schizolaena elongata,K005434942,,,Sarcolaenaceae,Schizolaena,Schizolaena elongata,,,,,,,"Baron, R. (Revd.)",6100,,Madagascar,K,K005434942,,,,,,,,,,,,,Not attempted,
Schizolaena elongata,K001933529,,,Sarcolaenaceae,Schizolaena,Schizolaena elongata,,,,-23.1758,47.6997,,"Randrianaivo, R.; Gautier, L. Swenson, U.; Mbita; Ranarison, E. A.",1953,2011-12-05 00:00:00,Madagascar,K,K001933529,,,,,,,,,,,,,Not attempted,
Schizolaena elongata,K006871460,,,Sarcolaenaceae,Schizolaena,Schizolaena elongata,,,,-24.7833,47.1667,,"Raharimampionona, J.",50,2004-11-20 00:00:00,Madagascar,K,K006871460,,,,,,,,,,,,,Not attempted,
Schizolaena elongata,K006871463,,,Sarcolaenaceae,Schizolaena,Schizolaena elongata,,,,,,,"Rabehevitra, D.",1525,,Madagascar,K,K006871463,,,,,,,,,,,,,Not attempted,
Schizolaena elongata,K006871466,,,Sarcolaenaceae,Schizolaena,Schizolaena elongata,,,,-16.8297,49.7694,,"Raharimampionona, J.",576,2017-09-28 00:00:00,Madagascar,K,K006871466,,,,,,,,,,,,,Not attempted,
Schizolaena elongata,K005434938,,,Sarcolaenaceae,Schizolaena,Schizolaena elongata,,,,-24.95,47,,"Bourgeois, C.",138,1999-05-04 00:00:00,Madagascar,K,K005434938,,,,,,,,,,,,,Not attempted,
Schizolaena elongata,K005434945,,,Sarcolaenaceae,Schizolaena,Schizolaena elongata,,,,-23.1767,47.7003,,"McPherson, G.; Rabenantoandro, J.",18304,2001-11-03 00:00:00,Madagascar,K,K005434945,,,,,,,,,,,,,Not attempted,
Schizolaena elongata,K005434939,,,Sarcolaenaceae,Schizolaena,Schizolaena elongata,,,,,,,"Capuron, R.",27774-SF,1967-04-19 00:00:00,Madagascar,K,K005434939,,,,,,,,,,,,,Not attempted,
Schizolaena elongata,K000391164,,,Sarcolaenaceae,Schizolaena,Schizolaena elongata,,,,-23.09,47.755,,"Hoffmann, P.; Ranaivojaona, R.; Ralimanana, H.; Richard, J.; Ramaharitra, J.",311,2000-10-25 00:00:00,Madagascar,K,K000391164,,,,,,,,,,,,,,
Schizolaena elongata,K005434944,,,Sarcolaenaceae,Schizolaena,Schizolaena elongata,,,,-23.0392,47.7697,,"Razakamalala, R.; Rakotonirina, N.; Mbita, J.; Sabotsy; Momana; Rabotaharifomba, M.F.",2233,2005-09-23 00:00:00,Madagascar,K,K005434944,,,,,,,,,,,,,Not attempted,
Schizolaena elongata,K005434943,,,Sarcolaenaceae,Schizolaena,Schizolaena elongata,,,,-24.9403,47.0119,,"Ludovic, R.; Hong Wa, C.",148,2001-11-12 00:00:00,Madagascar,K,K005434943,,,,,,,,,,,,,Not attempted,
Schizolaena elongata,K005434940,,,Sarcolaenaceae,Schizolaena,Schizolaena elongata,,,,-17.5658,48.8994,,"Ratovoson, F.; Randriamanarivo, J.; Randrianjanaka, L.; Rakotonandrasana, S.; Rakotondrajaona, R.; Belalahy, A.; Rapaoly Mananjaral, J.",341,2000-10-25 00:00:00,Madagascar,K,K005434940,,,,,,,,,,,,,Not attempted,
Schizolaena elongata,K000391165,,,Sarcolaenaceae,Schizolaena,Schizolaena elongata,,,,-16.85,49.95,,"Capuron, R.",28871,1969-05-19 00:00:00,Madagascar,K,K000391165,,,,,,,,,,,,,,
Schizolaena exinvolucrata,K000391169,,,Sarcolaenaceae,Schizolaena,Schizolaena exinvolucrata,,,,-15.6833,49.6333,,s.coll.,8912,1954-01-01 00:00:00,Madagascar,K,K000391169,,,,,,,,,,,,,,
Schizolaena exinvolucrata,K000300463,,,Sarcolaenaceae,Schizolaena,Schizolaena exinvolucrata,,,,,,,"Lyall, J.",145,,Madagascar,K,K000300463,,,,,,,,,,,,,,
Schizolaena exinvolucrata,K000300462,,,Sarcolaenaceae,Schizolaena,Schizolaena exinvolucrata,,,,,,,Reserves Naturelles de Madagascar,6182,1954-04-08 00:00:00,Madagascar,K,K000300462,,,,,,,,,,,,,,
Schizolaena exinvolucrata,K001890378,,,Sarcolaenaceae,Schizolaena,Schizolaena exinvolucrata,,,,-23.5211,47.4986,,"Ratovoson, F. ; Poety, R. ; Tsizama, A.",2217,2016-02-18 00:00:00,Madagascar,K,K001890378,,,,,,,,,,,,,Not attempted,
Schizolaena exinvolucrata,K001932306,,,Sarcolaenaceae,Schizolaena,Schizolaena exinvolucrata,,,,-24.5706,47.2028,,"Rabenantoandro, J.",1881,2008-04-02 00:00:00,Madagascar,K,,,,,,,,,,,,,,Not attempted,
Schizolaena exinvolucrata,K006871464,,,Sarcolaenaceae,Schizolaena,Schizolaena exinvolucrata,,,,,,,"Rabehevitra, D.",1473,,Madagascar,K,K006871464,,,,,,,,,,,,,Not attempted,
Schizolaena exinvolucrata,K006920595,,,Sarcolaenaceae,Schizolaena,Schizolaena exinvolucrata,,,,-25.0079,46.9683,,"Ralimanana, H; Rakotoarinivo, M.",550,2004-06-18 00:00:00,Madagascar,K,K006920595,,,,,,,,,,,,,Not attempted,
Schizolaena exinvolucrata,K006960688,,,Sarcolaenaceae,Schizolaena,Schizolaena exinvolucrata,,,,-18.9161,48.5436,,"Rivoharison, T.V.; Birkinshaw, C.",398,2022-10-04 00:00:00,Madagascar,K,,,,,,,,,,,,,,Not attempted,
Schizolaena exinvolucrata,K000391170,,,Sarcolaenaceae,Schizolaena,Schizolaena exinvolucrata,,,,-25,47,,"Scott-Elliot, G.F.",2841,,Madagascar,K,K000391170,,,,,,,,,,,,,,
Schizolaena exinvolucrata,K000240307,,,Sarcolaenaceae,Schizolaena,Schizolaena exinvolucrata,,Type,,,,,"Gerrard, W.T.",20,1865-11-01 00:00:00,Madagascar,K,K000240307,,,,,,,,,,,,,,
Schizolaena exinvolucrata,K005434947,,,Sarcolaenaceae,Schizolaena,Schizolaena exinvolucrata,,,,-17.7306,48.9778,,"Randrianjanaka, L.; Maxime, B.",90,1994-04-14 00:00:00,Madagascar,K,K005434947,,,,,,,,,,,,,Not attempted,
Schizolaena exinvolucrata,K005434946,,,Sarcolaenaceae,Schizolaena,Schizolaena exinvolucrata,,,,-21.2831,47.53,,"Lehavana, A.; Reza, L.; Rajaonera, H.; Skema, C.",14,2004-03-11 00:00:00,Madagascar,K,K005434946,,,,,,,,,,,,,Not attempted,
Schizolaena exinvolucrata,K000300465,,,Sarcolaenaceae,Schizolaena,Schizolaena exinvolucrata,,Type,,-19.7667,48.0667,,"Perrier de la Bâthie, J.M.H.A.",17007,1924-02-01 00:00:00,Madagascar,K,K000300465,,,,,,,,,,,,,,
Schizolaena exinvolucrata,K005434948,,,Sarcolaenaceae,Schizolaena,Schizolaena exinvolucrata,,,,,,,"Capuron, R.",23706-SF,1964-10-23 00:00:00,Madagascar,K,K005434948,,,,,,,,,,,,,Not attempted,
Schizolaena exinvolucrata,K000391171,,,Sarcolaenaceae,Schizolaena,Schizolaena exinvolucrata,,,,-24.8,47.1,,"Capuron, R.",11803,1955-02-01 00:00:00,Madagascar,K,K000391171,,,,,,,,,,,,,,
Schizolaena exinvolucrata,K000300464,,,Sarcolaenaceae,Schizolaena,Schizolaena exinvolucrata,,,,,,,"Lyall, J.",139,,Madagascar,K,K000300464,,,,,,,,,,,,,,
Schizolaena gereaui,K005434954,,,Sarcolaenaceae,Schizolaena,Schizolaena gereaui,,,,-24.6667,46.8,,"Randriamampionona, B.",571,1993-08-09 00:00:00,Madagascar,K,K005434954,,,,,,,,,,,,,Not attempted,
Schizolaena gereaui,K005434955,,,Sarcolaenaceae,Schizolaena,Schizolaena gereaui,,,,-24.6667,46.8,,"Randriamampionona, B.",571,1993-08-09 00:00:00,Madagascar,K,K005434955,,,,,,,,,,,,,Not attempted,
Schizolaena gereaui,K001909852,,,Sarcolaenaceae,Schizolaena,Schizolaena gereaui,,,,-24.5714,47.1436,,"Razakamalala, R.; Randriatafika, F.; Ramison, R.; Mara, B.",4160,2008-04-03 00:00:00,Madagascar,K,K001909852,,,,,,,,,,,,,Not attempted,
Schizolaena gereaui,K005434952,,,Sarcolaenaceae,Schizolaena,Schizolaena gereaui,,,,-24.6667,46.8,,"Randriamampionona, B.",325,1993-05-04 00:00:00,Madagascar,K,K005434952,,,,,,,,,,,,,Not attempted,
Schizolaena gereaui,K005434951,,,Sarcolaenaceae,Schizolaena,Schizolaena gereaui,,,,-24.9353,47.0283,,"Faliniaina, L.; Rabenantoandro, J.; Ramisy, E.",89,2000-12-21 00:00:00,Madagascar,K,K005434951,,,,,,,,,,,,,Not attempted,
Schizolaena gereaui,K005434950,,,Sarcolaenaceae,Schizolaena,Schizolaena gereaui,,,,-20.3594,48.6056,,"Rogers, Z.S.; Razakamalala, R.; Ranaivojaona, R.",189,2004-04-18 00:00:00,Madagascar,K,K005434950; K005434950_a,,,,,,,,,,,,,Not attempted,
Schizolaena gereaui,K005434949,,,Sarcolaenaceae,Schizolaena,Schizolaena gereaui,,,,,,,"Decary, M.",5334,1926-09-17 00:00:00,Madagascar,K,K005434949,,,,,,,,,,,,,Not attempted,
Schizolaena gereaui,K005434953,,,Sarcolaenaceae,Schizolaena,Schizolaena gereaui,,,,-24.6667,46.8,,"Randriamampionona, B.",325,1993-05-04 00:00:00,Madagascar,K,K005434953,,,,,,,,,,,,,Not attempted,
Schizolaena gereaui,K000240308,,,Sarcolaenaceae,Schizolaena,Schizolaena gereaui,,Isotype,,24.8667,74.1167,,"Gereau, R.E.,, Dumetz, N.; Rabevohitra, R.",3314,1989-03-22 00:00:00,Madagascar,K,K000240308,,,,,,,,,,,,,,
Schizolaena hystrix,K000240306,,,Sarcolaenaceae,Schizolaena,Schizolaena hystrix,,Type,,,,,"Capuron, R.",9090,,Madagascar,K,K000240306,,,,,,,,,,,,,,
Schizolaena hystrix,K005434958,,,Sarcolaenaceae,Schizolaena,Schizolaena hystrix,,,,-15.4117,49.4986,,"Antilahimena, P.",2479,2004-06-10 00:00:00,Madagascar,K,K005434958,,,,,,,,,,,,,Not attempted,
Schizolaena hystrix,K005434957,,,Sarcolaenaceae,Schizolaena,Schizolaena hystrix,,,,-14.4167,49.6,,"Gautier, L.; Ravelonarivo, D.; Andriamparany, R.",LG3878,2001-10-20 00:00:00,Madagascar,K,K005434957,,,,,,,,,,,,,Not attempted,
Schizolaena hystrix,K005434956,,,Sarcolaenaceae,Schizolaena,Schizolaena hystrix,,,,-17.7519,48.7169,,"Randrianjanaka, L.M.; Ratovoson, F.; Randrianasolo, S.; Rakotondrajaona, R.; Razakanirina, A.",597,2001-03-02 00:00:00,Madagascar,K,K005434956,,,,,,,,,,,,,Not attempted,
Schizolaena laurina,K005434961,,,Sarcolaenaceae,Schizolaena,Schizolaena laurina,,,,-18.5597,49.2569,,"Lehavana, A.; Rakotoarivony, F.; Mathevon, B.; Paul, J.; Lucien",229,2004-12-14 00:00:00,Madagascar,K,K005434961,,,,,,,,,,,,,Not attempted,
Schizolaena laurina,K005434959,,,Sarcolaenaceae,Schizolaena,Schizolaena laurina,,,,-16.7564,49.72,,"Rakotonandrasana, S.R.; Randrianaivo, R.; Rakotondrafara, A.; Ratisbonne, T.; Olivier; Benjamin",1429,2011-06-12 00:00:00,Madagascar,K,K005434959,,,,,,,,,,,,,Not attempted,
Schizolaena laurina,K001913813,,,Sarcolaenaceae,Schizolaena,Schizolaena laurina,,,,,,,s.coll.,464,1966-11-08 00:00:00,Madagascar,K,K001913813,,,,,,,,,,,,,Not attempted,
Schizolaena laurina,K000489899,,,Sarcolaenaceae,Schizolaena,Schizolaena laurina,,,,-18.95,49.1,,"Ambila, J.B.; Pax, B.",17731,1957-10-02 00:00:00,Madagascar,K,K000489899,,,,,,,,,,,,,,
Schizolaena laurina,K005434960,,,Sarcolaenaceae,Schizolaena,Schizolaena laurina,,,,-16.7564,49.72,,"Rakotonandrasana, S.R.; Randrianaivo, R.; Rakotondrafara, A.; Ratisbonne, T.; Olivier; Benjamin",1429,2011-06-12 00:00:00,Madagascar,K,K005434960,,,,,,,,,,,,,Not attempted,
Schizolaena manomboensis,K005434962,,,Sarcolaenaceae,Schizolaena,Schizolaena manomboensis,,,,-17.7094,49.4472,,"Birkinshaw, C.; Lowry, P.; Lehavana, A.; Aronson, J.",1738,2008-06-18 00:00:00,Madagascar,K,K005434962,,,,,,,,,,,,,Not attempted,
Schizolaena masoalensis,K001635343,,,Sarcolaenaceae,Schizolaena,Schizolaena masoalensis,,,,-16.7528,49.7233,,"Ludovic, R.; Rabehevitra, D.; et al",786,2004-06-10 00:00:00,Madagascar,K,K001635343,,,,,,,,,,,,,Not attempted,
Schizolaena masoalensis,K001933375,,,Sarcolaenaceae,Schizolaena,Schizolaena masoalensis,,,,-15.2903,50.3678,,"Birkinshaw, C.",823,2001-02-14 00:00:00,Madagascar,K,K001933375,,,,,,,,,,,,,Not attempted,
Schizolaena microphylla,K001303249,,,Sarcolaenaceae,Schizolaena,Schizolaena microphylla,,,,-20.5572,46.4544,,"Rakotonasolo, F.; Randrianasolo, V.; Rajaovelona, L.",MDG113_18 105,2018-09-03 00:00:00,Madagascar,K,,,,,,,,,,,,,,Not attempted,
Schizolaena microphylla,K001303174,,,Sarcolaenaceae,Schizolaena,Schizolaena microphylla,,,,-20.6069,46.9164,,"Rakotonasolo, F.; Onjalalaina, G.E.; Rakotomalala, N.H.; Rabemananjara, A.; Ranaivomanana, T.",MDG0502 89,2018-05-15 00:00:00,Madagascar,K,,,,,,,,,,,,,,Not attempted,
Schizolaena microphylla,K005434964,,,Sarcolaenaceae,Schizolaena,Schizolaena microphylla,,,,-20.5744,46.5825,,"Du Puy, D.J.; Labat, J.N.; Andriantiana, J.",M662,,Madagascar,K,K005434964,,,,,,,,,,,,,Not attempted,
Schizolaena microphylla,K000391153,,,Sarcolaenaceae,Schizolaena,Schizolaena microphylla,,Type,Schizolaena microphylla,-20.55,46.8,,"Perrier de la Bâthie, H.",13127,1920-05-01 00:00:00,Madagascar,K,K000391153,,,,,,,,,,,,,,
Schizolaena microphylla,K005434963,,,Sarcolaenaceae,Schizolaena,Schizolaena microphylla,,,,,,,"Bernardi, L.",11593,1967-11-19 00:00:00,Madagascar,K,K005434963,,,,,,,,,,,,,Not attempted,
Schizolaena milleri,K001635363,,,Sarcolaenaceae,Schizolaena,Schizolaena milleri,,,,-16.7528,49.7233,,"Ludovicm R.; Rabehevitra, D.; Michel, F.",795,2004-06-10 00:00:00,Madagascar,K,K001635363,,,,,,,,,,,,,Not attempted,
Schizolaena parviflora,K005434970,,,Sarcolaenaceae,Schizolaena,Schizolaena parviflora,,,,,,,"Wohlhauser, S.; Andrianjaka, M.",SW60022,1998-08-03 00:00:00,Madagascar,K,K005434970,,,,,,,,,,,,,Not attempted,
Schizolaena parviflora,K005434965,,,Sarcolaenaceae,Schizolaena,Schizolaena parviflora,,,,-14.1064,48.2633,,"Lehavana, A.; Randrianaivo, R.; Ratsisetraina, R.; Rasolohery, A.",122,2004-08-10 00:00:00,Madagascar,K,K005434965,,,,,,,,,,,,,Not attempted,
Schizolaena parviflora,K005434967,,,Sarcolaenaceae,Schizolaena,Schizolaena parviflora,,,,-14.1064,48.2633,,"Lehavana, A.; Randrianaivo, R.; Ratsisetraina, R.; Rasolohery, A.",121,2004-08-10 00:00:00,Madagascar,K,K005434967,,,,,,,,,,,,,Not attempted,
Schizolaena parviflora,K005434966,,,Sarcolaenaceae,Schizolaena,Schizolaena parviflora,,,,-13.0825,49.1917,,"Randrianaivo, R.; Randrianasolo, S.; Rakotondrajaona, R.; Modeste, b.; Leopaul, J.B.",1109,2004-11-08 00:00:00,Madagascar,K,K005434966,,,,,,,,,,,,,Not attempted,
Schizolaena parviflora,K005434968,,,Sarcolaenaceae,Schizolaena,Schizolaena parviflora,,,,-14.09,48.0527,,"Cable, S. : Kew; Rakotoarisoa, S.E. : KMCC; Andriamahay, M. : SNGF",1538,2006-10-28 00:00:00,Madagascar,K,K005434968,,,,,,,,,,,,,,
Schizolaena parviflora,K000952057,,,Sarcolaenaceae,Schizolaena,Schizolaena parviflora,,,,-14.145,48.0908,,"Rabarijaona, N.R.; Rakotonasolo, F.; Ralimanana, H.; Rakotoarisoa, S.; Onjalalaina, G.E.",ROM312,2013-09-12 00:00:00,Madagascar,K,K000952057,,,,,,,,,,,,,Not attempted,
Schizolaena parviflora,K005434969,,,Sarcolaenaceae,Schizolaena,Schizolaena parviflora,,,,-14.0667,48.2833,,"Derleth, P.",146,1994-11-01 00:00:00,Madagascar,K,K005434969,,,,,,,,,,,,,Not attempted,
Schizolaena parvipetala,K001418502,,,Sarcolaenaceae,Schizolaena,Schizolaena parvipetala,,Isotype,Schizolaena parvipetala,-24.5881,47.145,,"Randriatafika, F.",877,,Madagascar,K,K001418502,,,,,,,,,,,,,,
Schizolaena parvipetala,K005434971,,,Sarcolaenaceae,Schizolaena,Schizolaena parvipetala,,,,-24.8514,47.0019,,"Rakotovao, C.; Razakamalala, R.; Ramison, R.; Raymond, D.",4343,2009-02-19 00:00:00,Madagascar,K,K005434971,,,,,,,,,,,,,Not attempted,
Schizolaena pectinata,K000391156,,,Sarcolaenaceae,Schizolaena,Schizolaena pectinata,,Type,Schizolaena pectinata,-18.8833,48.0333,,"Capuron, R.",20336,1961-10-08 00:00:00,Madagascar,K,K000391156,,,,,,,,,,,,,,
Schizolaena pectinata,K000391157,,,Sarcolaenaceae,Schizolaena,Schizolaena pectinata,,,,,,,Perinet,12190,1954-11-18 00:00:00,Madagascar,K,K000391157,,,,,,,,,,,,,,
Schizolaena raymondii,K005434972,,,Sarcolaenaceae,Schizolaena,Schizolaena raymondii,,,,-13.7128,50.0903,,"Rabehevitra, D.; Razakamalala, R.; Jaofaralahy",1013,2004-05-18 00:00:00,Madagascar,K,K005434972,,,,,,,,,,,,,Not attempted,
Schizolaena raymondii,K005434973,,,Sarcolaenaceae,Schizolaena,Schizolaena raymondii,,,,-13.7183,50.0978,,"Rabehevitra, D.; Razakamalala, R.; Rakotomamonjy, T.",319,2003-07-15 00:00:00,Madagascar,K,K005434973,,,,,,,,,,,,,Not attempted,
Schizolaena rosea,K005434974,,,Sarcolaenaceae,Schizolaena,Schizolaena rosea,,,,-18.5653,49.2561,,"Ludovic, R.; et al.",93,2002-10-29 00:00:00,Madagascar,K,K005434974,,,,,,,,,,,,,Not attempted,
Schizolaena rosea,K006871443,,,Sarcolaenaceae,Schizolaena,Schizolaena rosea,,,,-16.7769,49.7161,,"Lehavana, A.",596,2007-06-29 00:00:00,Madagascar,K,K006871443,,,,,,,,,,,,,Not attempted,
Schizolaena rosea,K006960691,,,Sarcolaenaceae,Schizolaena,Schizolaena rosea,,,,-17.635,49.4842,,Gervais,446,2022-04-28 00:00:00,Madagascar,K,,,,,,,,,,,,,,Not attempted,
Schizolaena rosea,K005434976,,,Sarcolaenaceae,Schizolaena,Schizolaena rosea,,,,-17.2906,49.41,,"Lehavana, A.; Vary, L.; Théogène",133,2004-10-04 00:00:00,Madagascar,K,K005434976,,,,,,,,,,,,,Not attempted,
Schizolaena rosea,K005434975,,,Sarcolaenaceae,Schizolaena,Schizolaena rosea,,,,-17.2878,49.4106,,"Lehavana, A.; Birkinshaw, C.; Skema, C.; Zioma, F.",51,2004-04-14 00:00:00,Madagascar,K,K005434975,,,,,,,,,,,,,Not attempted,
Schizolaena tampoketsana,K005434977,,,Sarcolaenaceae,Schizolaena,Schizolaena tampoketsana,,,,-18.1031,47.1861,,"Schatz, G.E.; Razafindrakoto, F.Y.; Andrianjafy, N.M.; Rabenantoandro, J.",3950,2000-03-04 00:00:00,Madagascar,K,K005434977,,,,,,,,,,,,,Not attempted,
Schizolaena tampoketsana,K005434978,,,Sarcolaenaceae,Schizolaena,Schizolaena tampoketsana,,,,-18.1031,47.1861,,"Lowry II, P.P.; Ratovoson, F.; Randriantafika, F.; Andrianjafy, M.; Razafindrakoto, F.Y.; Andriantiana, J.",5170,1999-12-14 00:00:00,Madagascar,K,K005434978,,,,,,,,,,,,,Not attempted,
Schizolaena tampoketsana,K000240305,,,Sarcolaenaceae,Schizolaena,Schizolaena tampoketsana,,Isotype,,,,,"Capuron, R.",27404-SF,1967-11-26 00:00:00,Madagascar,K,K000240305,,,,,,,,,,,,,,
Schizolaena tampoketsana,K000240304,,,Sarcolaenaceae,Schizolaena,Schizolaena tampoketsana,,Isotype,,,,,"Capuron, R.",27404,1967-11-26 00:00:00,Madagascar,K,K000240304,,,,,,,,,,,,,,
Schizolaena tampoketsana,K005434979,,,Sarcolaenaceae,Schizolaena,Schizolaena tampoketsana,,,,-18.1364,47.1867,,"Lehavana, A.; Randrianaivo, R.; Rajaonera, H.; Andrianjafy, M.; Skema, C.",43,2004-04-07 00:00:00,Madagascar,K,K005434979,,,,,,,,,,,,,Not attempted,
Schizolaena turkii,K000240303,,,Sarcolaenaceae,Schizolaena,Schizolaena turkii,,Isotype,,,,,Service Forestier de Madagascar,23739,1964-10-25 00:00:00,Madagascar,K,K000240303,,,,,,,,,,,,,,
Schizolaena viscosa,K005434985,,,Sarcolaenaceae,Schizolaena,Schizolaena viscosa,,,,,,,"Capuron, R.",23418-SF,1964-03-09 00:00:00,Madagascar,K,K005434985,,,,,,,,,,,,,Not attempted,
Schizolaena viscosa,K005434984,,,Sarcolaenaceae,Schizolaena,Schizolaena viscosa,,,,-13.745,48.5403,,"Birkinshaw, C.; Randrianaivo, R.; Antilahimena, P.; Rabenantoandro, J.; Theodore",516,1998-10-03 00:00:00,Madagascar,K,K005434984,,,,,,,,,,,,,Not attempted,
Schizolaena viscosa,K005434980,,,Sarcolaenaceae,Schizolaena,Schizolaena viscosa,,,,-13.0447,49.1547,,"Leopold, J.B.; Razafitsalama, L.J.; Guittou, R.; Tsimihetibe, N.",114,2005-07-04 00:00:00,Madagascar,K,K005434980,,,,,,,,,,,,,Not attempted,
Schizolaena viscosa,K005434987,,,Sarcolaenaceae,Schizolaena,Schizolaena viscosa,,,,-12.9139,49.3214,,"Burivalova, Z.",ZB014,2010-11-07 00:00:00,Madagascar,K,K005434987,,,,,,,,,,,,,Not attempted,
Schizolaena viscosa,K001913812,,,Sarcolaenaceae,Schizolaena,Schizolaena viscosa,,,,-13.747,47.977,,"Tahinarivony, A.J.; Rasoanaivo, N.S.",TAJ661,2012-05-28 00:00:00,Madagascar,K,K001913812,,,,,,,,,,,,,Not attempted,
Schizolaena viscosa,K005434986,,,Sarcolaenaceae,Schizolaena,Schizolaena viscosa,,,,,,,"Capuron, R.",3052SF,,Madagascar,K,K005434986,,,,,,,,,,,,,Not attempted,
Schizolaena viscosa,K005434983,,,Sarcolaenaceae,Schizolaena,Schizolaena viscosa,,,,-13.7767,47.9886,,"Madiomanana, M.C.; Ammann, M.Y.; Tahinarivony, A.J.",MAD258,2009-11-06 00:00:00,Madagascar,K,K005434983,,,,,,,,,,,,,Not attempted,
Schizolaena viscosa,K005434982,,,Sarcolaenaceae,Schizolaena,Schizolaena viscosa,,,,-13.6389,48.6711,,"Callmander, M.; Vasaha, J.; Malaza",540,2006-11-19 00:00:00,Madagascar,K,K005434982,,,,,,,,,,,,,Not attempted,
Schizolaena viscosa,K005434981,,,Sarcolaenaceae,Schizolaena,Schizolaena viscosa,,,,,,,"Phillipson, P.",2018,1987-07-01 00:00:00,Madagascar,K,K005434981,,,,,,,,,,,,,Not attempted,
Xerochlamys sp.,K001036716,,,Sarcolaenaceae,Xerochlamys,Xerochlamys sp.,,,,-20.2369,47.0933,,"Rabarivola, M.L.; Wearn, J.; Razafindrahaja, V.S.",RML 142,2013-11-21 00:00:00,Madagascar,K,K001036716,,,,,,,,,,,,,Not attempted,
Xerochlamys sp.,K000953842,,,Sarcolaenaceae,Xerochlamys,Xerochlamys sp.,,,,-20.6269,46.8408,,"Randriamboavonjy, T.; Razafindrabe, H.; Ravaoarisoa, S.",RTI1267,2014-03-31 00:00:00,Madagascar,K,K000953842,,,,,,,,,,,,,Not attempted,
Xerochlamys sp.,K000952044,,,Sarcolaenaceae,Xerochlamys,Xerochlamys sp.,,,,,,,"Rakotonasolo, F.; Letsara, R.; Faramalala, M.; Ramavovololona",RNF2262,2013-07-05 00:00:00,Madagascar,K,K000952044,,,,,,,,,,,,,Not attempted,
Xerochlamys sp.,K005508275,,,Sarcolaenaceae,Xerochlamys,Xerochlamys sp.,,,,-20.5119,46.7753,,"Andriamihajarivo, T.",11,2001-01-31 00:00:00,Madagascar,K,K005508275,,,,,,,,,,,,,Not attempted,
Xerochlamys bojeriana,K005508247,,,Sarcolaenaceae,Xerochlamys,Xerochlamys bojeriana,,,,,,,"Descoings, B.",BD2897,1958-01-01 00:00:00,Madagascar,K,K005508247,,,,,,,,,,,,,Not attempted,
Xerochlamys bojeriana,K005508255,,,Sarcolaenaceae,Xerochlamys,Xerochlamys bojeriana,,,,,,,"Croat, T.B.",29219,1975-01-23 00:00:00,Madagascar,K,K005508255,,,,,,,,,,,,,Not attempted,
Leptolaena bojeriana,K000240318,,,Sarcolaenaceae,Leptolaena,Leptolaena bojeriana,,Isotype,,,,,"Baron, R.",5112,,Madagascar,K,K000240318,,,,,,,,,,,,,,
Xerochlamys bojeriana,K005508248,,,Sarcolaenaceae,Xerochlamys,Xerochlamys bojeriana,,,,-24.2361,47.0997,,"Labat, J.-N.; Haevermans, T.; Rabenantoandro, J.",3009,1999-03-23 00:00:00,Madagascar,K,K005508248,,,,,,,,,,,,,Not attempted,
Xerochlamys villosa,K005508277,,,Sarcolaenaceae,Xerochlamys,Xerochlamys villosa,,,,-22.6833,45.2667,,"Phillipson, P.B.",3408,1990-02-01 00:00:00,Madagascar,K,K005508277,,,,,,,,,,,,,Not attempted,
Xerochlamys bojeriana,K005508250,,,Sarcolaenaceae,Xerochlamys,Xerochlamys bojeriana,,,,,,,s.coll.,s.n.,1873-01-01 00:00:00,Madagascar,K,K005508250,,,,,,,,,,,,,Not attempted,
Xerochlamys bojeriana,K005508241,,,Sarcolaenaceae,Xerochlamys,Xerochlamys bojeriana,,,,,,,"Hubert, H.; Capuron, R.",28012,1955-01-15 00:00:00,Madagascar,K,K005508241,,,,,,,,,,,,,Not attempted,
Xerochlamys bojeriana,K001036081,,,Sarcolaenaceae,Xerochlamys,Xerochlamys bojeriana,,,,-22.6322,45.3414,,"Rabarivola, M.L.; Rakotoarisoa, S.E.; Rajaonarison, R.; Peckering, T.E.; Nanjarisoa, O.P.",RML 516,2014-08-23 00:00:00,Madagascar,K,K001036081,,,,,,,,,,,,,Not attempted,
Xerochlamys bojeriana,K000751138,,,Sarcolaenaceae,Xerochlamys,Xerochlamys bojeriana,,,,-19.1617,47.5019,,"Adrianaivoravelona, B.; Rakotoarisoa, S.E.; Ratovoarimanana, V.; Ramarokoto, F.; Schuman, L.",ANB 403,2011-06-06 00:00:00,Madagascar,K,K000751138,,,,,,,,,,,,,Not attempted,
Xerochlamys bojeriana,K000953773,,,Sarcolaenaceae,Xerochlamys,Xerochlamys bojeriana,,,,-20.5731,46.5831,,"Rabarivola, M.L.; Rakotonasolo, F.; Rajaovelona, L.; Onjalalaina, G.E.; Rakotovao, A.",RML228,2014-01-13 00:00:00,Madagascar,K,K000953773,,,,,,,,,,,,,Not attempted,
Leptolaena bojeriana,K001522097,,,Sarcolaenaceae,Leptolaena,Leptolaena bojeriana,,,,-20.5808,46.8178,,"Rakotonasolo, F.; Randriatsara, F.O.; Onjalalaina, G.E.; Augustin",MDG05 49,2017-06-13 00:00:00,Madagascar,K,,,,,,,,,,,,,,Not attempted,
Leptolaena bojeriana,K001304940,,,Sarcolaenaceae,Leptolaena,Leptolaena bojeriana,,,,-20.5506,46.6178,,"Rakotonasolo, F.; Rajaovelona, L.; Rakotoarisoa, A.; Razanandrakoto, H.",MDG113-12-19 49,2019-12-08 00:00:00,Madagascar,K,,,,,,,,,,,,,,Not attempted,
Xerochlamys bojeriana,K001303906,,,Sarcolaenaceae,Xerochlamys,Xerochlamys bojeriana,,,,-20.5031,46.5522,,"Rakotonasolo, F.; Rajaovelona, L.",MDG113_7 28,2019-02-22 00:00:00,Madagascar,K,K001303906,,,,,,,,,,,,,Not attempted,
Xerochlamys bojeriana,K001933991,,,Sarcolaenaceae,Xerochlamys,Xerochlamys bojeriana,,,,-20.0833,47.0167,,"Du Puy, B.; Du Puy, D.; Baum, D.",MB271,,Madagascar,K,K001933991,,,,,,,,,,,,,Not attempted,
Xerochlamys bojeriana,K001899143,,,Sarcolaenaceae,Xerochlamys,Xerochlamys bojeriana,,,,,45.2567,,"Randriamboavonjy, T.; Razanatsoa, H.",RTI 151,2004-11-23 00:00:00,Madagascar,K,K001899143,,,,,,,,,,,,,Not attempted,
Xerochlamys bojeriana,K001899353,,,Sarcolaenaceae,Xerochlamys,Xerochlamys bojeriana,,,,-20.5725,46.5817,,"Schatz,G.E.; Razafindrakoto,F.Y.; Andrianjafy,N.M.; Rabenantoandro,J.",3985,2000-03-11 00:00:00,Madagascar,K,,,,,,,,,,,,,,Not attempted,
Xerochlamys bojeriana,K001899358,,,Sarcolaenaceae,Xerochlamys,Xerochlamys bojeriana,,,,-20.0639,46.9994,,"Birkinshaw,Chris; Reza,Ludovic; Lalao,Razafitsalama.",816,2001-01-27 00:00:00,Madagascar,K,,,,,,,,,,,,,,Not attempted,
Xerochlamys bojeriana,K001899360,,,Sarcolaenaceae,Xerochlamys,Xerochlamys bojeriana,,,,-20.0639,46.9994,,"Birkinshaw,Chris; Reza,Ludovic; Lalao,Razafitsalama.",816,2001-01-27 00:00:00,Madagascar,K,,,,,,,,,,,,,,Not attempted,
Xerochlamys bojeriana,K001899361,,,Sarcolaenaceae,Xerochlamys,Xerochlamys bojeriana,,,,-20.0644,47.0008,,"Hongwa,Cynthia; Andriamihajrivo,T.; Ravalimanarivo,N.L.",321,2005-06-20 00:00:00,Madagascar,K,,,,,,,,,,,,,,Not attempted,
Xerochlamys bojeriana,K001036776,,,Sarcolaenaceae,Xerochlamys,Xerochlamys bojeriana,,,,-20.6108,46.6086,,"Rabarivola,M.L.; Ravaorisoa,S.; Lehavana",RML 289,2014-02-15 00:00:00,Madagascar,K,K001036776,,,,,,,,,,,,,Not attempted,
Xerochlamys bojeriana,K005508251,,,Sarcolaenaceae,Xerochlamys,Xerochlamys bojeriana,,,,,,,s.coll.,947,,Madagascar,K,K005508251; K005508251_a,,,,,,,,,,,,,Not attempted,
Xerochlamys bojeriana,K005508249,,,Sarcolaenaceae,Xerochlamys,Xerochlamys bojeriana,,,,,,,"Baron, R. (Revd)",5119,,Madagascar,K,K005508249,,,,,,,,,,,,,Not attempted,
Xerochlamys bojeriana,K005508245,,,Sarcolaenaceae,Xerochlamys,Xerochlamys bojeriana,,,,,,,"Keraudren, M.",104,,Madagascar,K,K005508245,,,,,,,,,,,,,Not attempted,
Xerochlamys bojeriana,K005508238,,,Sarcolaenaceae,Xerochlamys,Xerochlamys bojeriana,,,,,,,"Dorr, L.J.; Barnett, L.C.; Rakotozafy, A.; Rajemisa, R.",3436,1985-01-09 00:00:00,Madagascar,K,K005508238,,,,,,,,,,,,,Not attempted,
Xerochlamys bojeriana,K005508254,,,Sarcolaenaceae,Xerochlamys,Xerochlamys bojeriana,,,,,,,"Perrier de la Bathie, H.",18495,1928-03-01 00:00:00,Madagascar,K,K005508254,,,,,,,,,,,,,Not attempted,
Leptolaena bojeriana,K000489934,,,Sarcolaenaceae,Leptolaena,Leptolaena bojeriana,,,,-19.2,47.4833,,"Dorr, L.J.; Lampredi, S.; Tormey, K.",2886,1984-03-10 00:00:00,Madagascar,K,K000489934,,,,,,,,,,,,,,
Xerochlamys bojeriana,K005508242,,,Sarcolaenaceae,Xerochlamys,Xerochlamys bojeriana,,,,,,,"Dorr, L.J.; Barnett, L.C.; Rakotozafy, A.; Cheek, M.R.; Razafimalala, N.",3844,1985-03-06 00:00:00,Madagascar,K,K005508242,,,,,,,,,,,,,Not attempted,
Leptolaena bojeriana,K000240317,,,Sarcolaenaceae,Leptolaena,Leptolaena bojeriana,,Type,Xerochlamys pubescens,,,,"Baron, R.",5112,,Madagascar,K,K000240317,,,,,,,,,,,,,,
Leptolaena bojeriana,K000240319,,,Sarcolaenaceae,Leptolaena,Leptolaena bojeriana,,Type,Xerochlamys pilosa,,,,"Baron, R.",134,,Madagascar,K,K000240319,,,,,,,,,,,,,,
Xerochlamys bojeriana,K005508258,,,Sarcolaenaceae,Xerochlamys,Xerochlamys bojeriana,,,,-20.0669,47.0131,,"Ranarivelo, T.; Roberts, D.; Cribb, P.; Razafindraibe, H.",RTI472,2007-02-10 00:00:00,Madagascar,K,K005508258,,,,,,,,,,,,,Not attempted,
Xerochlamys bojeriana,K005508237,,,Sarcolaenaceae,Xerochlamys,Xerochlamys bojeriana,,,,-19.0949,47.5141,,"Andriamahay, M. : SNGF",757,2004-05-19 00:00:00,Madagascar,K,K005508237,,,,,,,,,,,,,,
Xerochlamys bojeriana,K005508246,,,Sarcolaenaceae,Xerochlamys,Xerochlamys bojeriana,,,,,,,"Barnett, L.; Dorr, L.J.; Cheek, M.R.",459,1985-02-13 00:00:00,Madagascar,K,K005508246,,,,,,,,,,,,,Not attempted,
Xerochlamys bojeriana,K005508240,,,Sarcolaenaceae,Xerochlamys,Xerochlamys bojeriana,,,,,,,s.coll.,647-SF,,Madagascar,K,K005508240,,,,,,,,,,,,,Not attempted,
Xerochlamys bojeriana,K005508244,,,Sarcolaenaceae,Xerochlamys,Xerochlamys bojeriana,,,,,,,"Capuron, R.",23496SF,1961-05-03 00:00:00,Madagascar,K,K005508244,,,,,,,,,,,,,Not attempted,
Xerochlamys bojeriana,K005508253,,,Sarcolaenaceae,Xerochlamys,Xerochlamys bojeriana,,,,,,,"Humbert, H.",7110,1928-12-24 00:00:00,Madagascar,K,K005508253,,,,,,,,,,,,,Not attempted,
Xerochlamys bojeriana,K001270822,,,Sarcolaenaceae,Xerochlamys,Xerochlamys bojeriana,,,,-20.6292,46.8437,,"Rabarivola, M.L. : KMCC; Razanatsoa, J.; Wilkin, P. : Kew; Rakotonasolo, F. : KMCC",RML 409,2014-03-21 00:00:00,Madagascar,K,K001270822,,,,,,,,,,,,,,
Leptolaena bojeriana,K000489933,,,Sarcolaenaceae,Leptolaena,Leptolaena bojeriana,,,,-22.6167,45.3167,,"Lorence, D.",2069,1978-11-06 00:00:00,Madagascar,K,K000489933,,,,,,,,,,,,,,
Xerochlamys villosa,K005508278,,,Sarcolaenaceae,Xerochlamys,Xerochlamys villosa,,,,-22.65,46.35,,"Leeuwenberg, A.J.M.; Rapanarivo, S.",14620,1995-08-08 00:00:00,Madagascar,K,K005508278,,,,,,,,,,,,,Not attempted,
Xerochlamys bojeriana,K005508239,,,Sarcolaenaceae,Xerochlamys,Xerochlamys bojeriana,,,,-20.6133,46.8253,,"Du Puy, D.J.; Labat, J.N.; Andriantiana, J.",M627,,Madagascar,K,K005508239,,,,,,,,,,,,,Not attempted,
Xerochlamys bojeriana,K005508252,,,Sarcolaenaceae,Xerochlamys,Xerochlamys bojeriana,,,,,,,"Viguier, R.; Humbert, H.",1416,1912-11-19 00:00:00,Madagascar,K,K005508252,,,,,,,,,,,,,Not attempted,
Xerochlamys bojeriana,K005508256,,,Sarcolaenaceae,Xerochlamys,Xerochlamys bojeriana,,,,-20.0681,46.9994,,"Rakotoarisoa, S.E. : KMCC; Andriamahay, M. : SNGF",2206,2009-02-07 00:00:00,Madagascar,K,K005508256,,,,,,,,,,,,,,
Xerochlamys bojeriana,K005508243,,,Sarcolaenaceae,Xerochlamys,Xerochlamys bojeriana,,,,,,,"Dorr, L.J.; Barnett, L.C.; Rakotozafy, A.",4571,1986-01-12 00:00:00,Madagascar,K,K005508243,,,,,,,,,,,,,Not attempted,
Xerochlamys villosa,K005508276,,,Sarcolaenaceae,Xerochlamys,Xerochlamys villosa,,,,-22.5367,45.3744,,"Ranarivelo, T.; Roberts, D.; Cribb, P.; Razafindraibe, H.",RTI553,2007-02-17 00:00:00,Madagascar,K,K005508276,,,,,,,,,,,,,Not attempted,
Xerochlamys bojeriana,K005508257,,,Sarcolaenaceae,Xerochlamys,Xerochlamys bojeriana,,,,-20.0419,47.0053,,"Rakotoarisoa, S.E. : KMCC; Andriamahay, M. : SNGF",1206,2005-11-30 00:00:00,Madagascar,K,K005508257,,,,,,,,,,,,,,
Xerochlamys coriacea,K005508230,,,Sarcolaenaceae,Xerochlamys,Xerochlamys coriacea,,,,,,,"Capuron, R.",22452-SF,1963-01-16 00:00:00,Madagascar,K,K005508230,,,,,,,,,,,,,Not attempted,
Xerochlamys coriacea,K005508231,,,Sarcolaenaceae,Xerochlamys,Xerochlamys coriacea,,,,,,,s.coll.,13769,,Madagascar,K,K005508231,,,,,,,,,,,,,Not attempted,
Leptolaena diospyroidea,K000391085,,,Sarcolaenaceae,Leptolaena,Leptolaena diospyroidea,,,,-20.5858,46.5961,,"Labat, J.-.N.; Haevermans, T.; Rabenantoandro, J.; Cook, B.",3029,1999-03-26 00:00:00,Madagascar,K,K000391085,,,,,,,,,,,,,,
Leptolaena diospyroidea,K000300415,,,Sarcolaenaceae,Leptolaena,Leptolaena diospyroidea,,,,,,,"Cours, G.",5041,1955-01-29 00:00:00,Madagascar,K,K000300415,,,,,,,,,,,,,,
Leptolaena diospyroidea,K000300420,,,Sarcolaenaceae,Leptolaena,Leptolaena diospyroidea,,,,,,,"Perrier de la Bâthie, J.M.H.A.",17876,1922-07-01 00:00:00,Madagascar,K,K000300420,,,,,,,,,,,,,,
Leptolaena diospyroidea,K000391087,,,Sarcolaenaceae,Leptolaena,Leptolaena diospyroidea,,,,-20.5833,46.6333,,"Croat, T.B.",29847,1975-01-26 00:00:00,Madagascar,K,K000391087,,,,,,,,,,,,,,
Leptolaena diospyroidea,K000391084,,,Sarcolaenaceae,Leptolaena,Leptolaena diospyroidea,,,,-20.5894,46.5669,,"Labat, J.-.N.; Haevermans, T.; Rabenantoandro, J.; Cook, B.",3052,1999-03-27 00:00:00,Madagascar,K,K000391084,,,,,,,,,,,,,,
Xerochlamys diospyroidea,K001303645,,,Sarcolaenaceae,Xerochlamys,Xerochlamys diospyroidea,,,,-20.5456,46.5828,,"Rajaovelona, L.",MDG113_7 110,2019-03-02 00:00:00,Madagascar,K,,,,,,,,,,,,,,Not attempted,
Xerochlamys diospyroidea,K001303602,,,Sarcolaenaceae,Xerochlamys,Xerochlamys diospyroidea,,,,-20.4367,46.7817,,"Rajaovelona, L.R.; Rakotonasolo, F.; Rakotoarisoa, A.A.; Ranaivomanana, T.; Andry Ny Aina, T.N.A.",MDG05-12-19 100,2019-12-13 00:00:00,Madagascar,K,,,,,,,,,,,,,,Not attempted,
Xerochlamys diospyroidea,K006920222,,,Sarcolaenaceae,Xerochlamys,Xerochlamys diospyroidea,,,,-20.5792,46.6061,,"Rakotoarisoa, S.E.;Andriamahay, M.",RSE 367,2005-01-20 00:00:00,Madagascar,K,K006920222,,,,,,,,,,,,,Not attempted,
Leptolaena diospyroidea,K000300425,,,Sarcolaenaceae,Leptolaena,Leptolaena diospyroidea,,,,,,,"Humbert, H.; Swingle, C.F.",4992,1928-07-30 00:00:00,Madagascar,K,K000300425,,,,,,,,,,,,,,
Leptolaena diospyroidea,K000300426,,,Sarcolaenaceae,Leptolaena,Leptolaena diospyroidea,,,,,,,"Humbert, H.",12680,1933-12-01 00:00:00,Madagascar,K,K000300426,,,,,,,,,,,,,,
Leptolaena diospyroidea,K000300424,,,Sarcolaenaceae,Leptolaena,Leptolaena diospyroidea,,,,,,,"Chauvet, F.",393,1962-12-31 00:00:00,Madagascar,K,K000300424,,,,,,,,,,,,,,
Xerochlamys diospyroidea,K000663503,,,Sarcolaenaceae,Xerochlamys,Xerochlamys diospyroidea,,,,-20.5869,46.5858,,"Rakotonasolo, F.; Ralimanana, H.; Rakotomalala, A.",RNF1740,2010-12-15 00:00:00,Madagascar,K,K000663503,,,,,,,,,,,,,Not attempted,
Xerochlamys diospyroidea,K005508233,,,Sarcolaenaceae,Xerochlamys,Xerochlamys diospyroidea,,,,-20.6,46.5333,,"Rabenantoandro, J.; Birkinshaw, C.; Camara, C.",63,1999-03-06 00:00:00,Madagascar,K,K005508233,,,,,,,,,,,,,Not attempted,
Leptolaena diospyroidea,K000300421,,,Sarcolaenaceae,Leptolaena,Leptolaena diospyroidea,,,,,,,"Perrier de la Bâthie, J.M.H.A.",17876,1922-07-01 00:00:00,Madagascar,K,K000300421,,,,,,,,,,,,,,
Leptolaena diospyroidea,K000300412,,,Sarcolaenaceae,Leptolaena,Leptolaena diospyroidea,,,,,,,"Croat, T.B.",29899,1975-01-27 00:00:00,Madagascar,K,K000300412,,,,,,,,,,,,,,
Leptolaena diospyroidea,K000300416,,,Sarcolaenaceae,Leptolaena,Leptolaena diospyroidea,,,,22.4833,45.4,,"Dorr, L.J.; Barnett, L.C.; Rakotozafy, A.; Cheek, M.R.; Razafimalala, N.",4182,1985-03-27 00:00:00,Madagascar,K,K000300416,,,,,,,,,,,,,,
Leptolaena diospyroidea,K000391086,,,Sarcolaenaceae,Leptolaena,Leptolaena diospyroidea,,,,-20.5928,46.5936,,"Labat, J.-.N.; Haevermans, T.; Rabenantoandro, J.; Cook, B.",3038,1999-03-26 00:00:00,Madagascar,K,K000391086,,,,,,,,,,,,,,
Xerochlamys diospyroidea,K000751454,,,Sarcolaenaceae,Xerochlamys,Xerochlamys diospyroidea,,,,,,,"Randriamboavonjy, T.; Rakotovao, A.; Rakotonirina, J.N.P.; Lazasoa, L.N.; Ralaivelonalohotsy; Rajaonarison, R.",RTI1026,2012-02-03 00:00:00,Madagascar,K,K000751454,,,,,,,,,,,,,Not attempted,
Leptolaena diospyroidea,K000391088,,,Sarcolaenaceae,Leptolaena,Leptolaena diospyroidea,,,,-20.6003,46.5675,,"Messmer, N.; Andriatsiferana, F.",750,1999-02-01 00:00:00,Madagascar,K,K000391088,,,,,,,,,,,,,,
Leptolaena diospyroidea,K000300414,,,Sarcolaenaceae,Leptolaena,Leptolaena diospyroidea,,,,,,,"Cours, G.",5045,1955-01-30 00:00:00,Madagascar,K,K000300414,,,,,,,,,,,,,,
Leptolaena diospyroidea,K000300411,,,Sarcolaenaceae,Leptolaena,Leptolaena diospyroidea,,Type,Xerochlamys,,,,"Perrier de la Bâthie, J.M.H.A.",3027,1904-05-01 00:00:00,Madagascar,K,K000300411,,,,,,,,,,,,,,
Leptolaena diospyroidea,K000300418,,,Sarcolaenaceae,Leptolaena,Leptolaena diospyroidea,,,,,,,"Capuron, R.",11672,1955-01-24 00:00:00,Madagascar,K,K000300418,,,,,,,,,,,,,,
Leptolaena diospyroidea,K000300413,,,Sarcolaenaceae,Leptolaena,Leptolaena diospyroidea,,,,,,,"Capuron, R.",18574,1958-06-17 00:00:00,Madagascar,K,K000300413,,,,,,,,,,,,,,
Leptolaena diospyroidea,K000300419,,,Sarcolaenaceae,Leptolaena,Leptolaena diospyroidea,,,,,,,"Perrier de la Bâthie, J.M.H.A.",,1929-01-01 00:00:00,Madagascar,K,K000300419,,,,,,,,,,,,,,
Leptolaena diospyroidea,K000300417,,,Sarcolaenaceae,Leptolaena,Leptolaena diospyroidea,,,,,,,"Humbert, H.",28153,1955-01-17 00:00:00,Madagascar,K,K000300417,,,,,,,,,,,,,,
Xerochlamys elliptica,K005508235,,,Sarcolaenaceae,Xerochlamys,Xerochlamys elliptica,,,,-20.1397,46.9789,,"Hong-Wa, C.; Andriamihajarivo, T.; Ravalimanarivo, N.L.; Rakotonirina, B.",330,2005-06-21 00:00:00,Madagascar,K,K005508235,,,,,,,,,,,,,Not attempted,
Xerochlamys elliptica,K005508236,,,Sarcolaenaceae,Xerochlamys,Xerochlamys elliptica,,,,-20.1706,47.0361,,"Koopman, M.M.; Andriamihajarivo, T.",161,2003-02-23 00:00:00,Madagascar,K,K005508236,,,,,,,,,,,,,Not attempted,
Xerochlamys elliptica,K005508234,,,Sarcolaenaceae,Xerochlamys,Xerochlamys elliptica,,,,-20.4381,47.0617,,"Hong-Wa, C.; Andriamihajarivo, T.; Ravalimanarivo, N.L.; Rakotoarijaona, A.",349,2005-06-22 00:00:00,Madagascar,K,K005508234,,,,,,,,,,,,,Not attempted,
Xerochlamys itremoensis,K001036738,,,Sarcolaenaceae,Xerochlamys,Xerochlamys itremoensis,,,,-20.5731,46.5831,,"Onjalalaina, G.E.; Rakotonasolo, F.; Rajaovelona, L.R.; Rabarivola, M.L.",OLG 203,2014-01-13 00:00:00,Madagascar,K,K001036738,,,,,,,,,,,,,Not attempted,
Xerochlamys itremoensis,K001303600,,,Sarcolaenaceae,Xerochlamys,Xerochlamys itremoensis,,,,-20.4367,46.7817,,"Rajaovelona, L.R.; Rakotonasolo, F.; Rakotoarisoa, A.A.; Ranaivomanana, T.; Andry Ny Aina, T.N.A.",MDG05-12-19 101,2019-12-13 00:00:00,Madagascar,K,,,,,,,,,,,,,,Not attempted,
Xerochlamys itremoensis,K001304954,,,Sarcolaenaceae,Xerochlamys,Xerochlamys itremoensis,,,,-20.5964,46.5786,,"Rajaovelona, L.R.; Rakotonasolo, F.; Rakotoarisoa, A.A.; Ranaivomanana, T.; Andry Ny Aina, T.N.A.; Rasaminirina, F.; Rakotondrasoa, V.; Razafimahatratra, E.J.",MDG113-12-19 137,2019-12-09 00:00:00,Madagascar,K,,,,,,,,,,,,,,Not attempted,
Xerochlamys itremoensis,K001303138,,,Sarcolaenaceae,Xerochlamys,Xerochlamys itremoensis,,,,-20.5531,46.6172,,"Rakotonasolo, F.; Rajaovelona, L.; Rakotoarisoa, A.; Razanandrakoto, H.",MDG113-12-19 69,2019-12-08 00:00:00,Madagascar,K,,,,,,,,,,,,,,Not attempted,
Xerochlamys itremoensis,K001303905,,,Sarcolaenaceae,Xerochlamys,Xerochlamys itremoensis,,,,-20.5031,46.5522,,"Rakotonasolo, F.; Rajaovelona, L.",MDG113_7 30,2019-02-23 00:00:00,Madagascar,K,K001303905,,,,,,,,,,,,,Not attempted,
Xerochlamys itremoensis,K001303908,,,Sarcolaenaceae,Xerochlamys,Xerochlamys itremoensis,,,,-20.5008,46.5589,,"Rakotonasolo, F.; Rajaovelona, L.",MDG113_7 72,2019-02-24 00:00:00,Madagascar,K,K001303908,,,,,,,,,,,,,Not attempted,
Xerochlamys itremoensis,K001303243,,,Sarcolaenaceae,Xerochlamys,Xerochlamys itremoensis,,,,-20.4992,46.8606,,"Rajaovelona, L.R.; Rakotonasolo, F.; Rakotoarisoa, A.A.; Ranaivomanana, T.; Andry Ny Aina, T.N.A.; Rasaminirina, F.; Rakotondrasoa, V.; Razafimahatratra, E.J.",MDG05-12-19 109,2019-12-14 00:00:00,Madagascar,K,,,,,,,,,,,,,,Not attempted,
Xerochlamys itremoensis,K001899350,,,Sarcolaenaceae,Xerochlamys,Xerochlamys itremoensis,,,,-20.6131,46.5789,,"Rakotomalaza,Pierre J.; Sikes,K.; Rasolomanana,C.; Andrianasolo,S.; Raharilala,J.; Rakotomamonjy,T.",671,1996-03-23 00:00:00,Madagascar,K,,,,,,,,,,,,,,Not attempted,
Xerochlamys itremoensis,K001899363,,,Sarcolaenaceae,Xerochlamys,Xerochlamys itremoensis,,,,-20.6,46.5333,,"Randrianasolo,A.",237,1992-07-06 00:00:00,Madagascar,K,,,,,,,,,,,,,,Not attempted,
Xerochlamys itremoensis,K005508260,,,Sarcolaenaceae,Xerochlamys,Xerochlamys itremoensis,,,,-20.5928,46.5717,,"Labat, J.-N.; Haevermans, T.; Rabenantoandro, J.; Cook, B.",3057,1999-03-27 00:00:00,Madagascar,K,K005508260,,,,,,,,,,,,,Not attempted,
Xerochlamys itremoensis,K005508261,,,Sarcolaenaceae,Xerochlamys,Xerochlamys itremoensis,,,,,,,"Humbert, H.",28175,1955-01-17 00:00:00,Madagascar,K,K005508261,,,,,,,,,,,,,Not attempted,
Xerochlamys tampoketsensis,K001899355,,,Sarcolaenaceae,Xerochlamys,Xerochlamys tampoketsensis,,,,-18.0814,47.1731,,"Andrianjafy,N.M.; Razafindrakoto,Y.F.; Buyck,Bart.",6,2000-01-01 00:00:00,Madagascar,K,,,,,,,,,,,,,,Not attempted,
Xerochlamys tampoketsensis,K005508262,,,Sarcolaenaceae,Xerochlamys,Xerochlamys tampoketsensis,,,,-17.2281,46.9986,,"Andrianiafy, N.M.; Birkinshaw, C.; Edmond",1026,2005-01-01 00:00:00,Madagascar,K,K005508262,,,,,,,,,,,,,Not attempted,
Xerochlamys tampoketsensis,K005508263,,,Sarcolaenaceae,Xerochlamys,Xerochlamys tampoketsensis,,,,-18.6258,47.2883,,"Rajaonary, F.",38,2010-03-09 00:00:00,Madagascar,K,K005508263,,,,,,,,,,,,,Not attempted,
Xerochlamys undulata,K005508270,,,Sarcolaenaceae,Xerochlamys,Xerochlamys undulata,,,,,,,"Capuron, R.",24112-SF,1965-05-23 00:00:00,Madagascar,K,K005508270,,,,,,,,,,,,,Not attempted,
Xerochlamys undulata,K001933115,,,Sarcolaenaceae,Xerochlamys,Xerochlamys undulata,,,,-22.55,45.3167,,"Du Puy, B.; Du Puy, D.; Labat, J-N.; Rakouth, B.",MB668,1990-02-15 00:00:00,Madagascar,K,K001933115,,,,,,,,,,,,,Not attempted,
Xerochlamys undulata,K005508274,,,Sarcolaenaceae,Xerochlamys,Xerochlamys undulata,,,,-22.7667,45.0167,,"Randrianasolo, A.",242,1992-07-11 00:00:00,Madagascar,K,K005508274,,,,,,,,,,,,,Not attempted,
Xerochlamys undulata,K005508268,,,Sarcolaenaceae,Xerochlamys,Xerochlamys undulata,,,,,,,"Leandri, J.; Saboureau, P.",3955,1960-11-18 00:00:00,Madagascar,K,K005508268,,,,,,,,,,,,,Not attempted,
Xerochlamys undulata,K001208182,,,Sarcolaenaceae,Xerochlamys,Xerochlamys undulata,,Type,Xerochlamys undulata,-22.6661,45.2792,,"Gong-wa, C.",372,2005-06-27 00:00:00,Madagascar,K,K001208182,,,,,,,,,,,,,,
Xerochlamys undulata,K005508271,,,Sarcolaenaceae,Xerochlamys,Xerochlamys undulata,,,,,,,"Capuron, R.",28500-SF,1968-12-19 00:00:00,Madagascar,K,K005508271,,,,,,,,,,,,,Not attempted,
Xerochlamys undulata,K005508265,,,Sarcolaenaceae,Xerochlamys,Xerochlamys undulata,,,,-22.65,46.35,,"Leeuwenberg, A.J.M.; Rapanarivo, S.",14619,1995-08-08 00:00:00,Madagascar,K,K005508265,,,,,,,,,,,,,Not attempted,
Xerochlamys undulata,K005508269,,,Sarcolaenaceae,Xerochlamys,Xerochlamys undulata,,,,,,,"Capuron, R.",24112SF,1965-05-23 00:00:00,Madagascar,K,K005508269,,,,,,,,,,,,,Not attempted,
Xerochlamys undulata,K005508273,,,Sarcolaenaceae,Xerochlamys,Xerochlamys undulata,,,,-22.6667,45.275,,"Randrianasolo, A.",243,1992-07-11 00:00:00,Madagascar,K,K005508273,,,,,,,,,,,,,Not attempted,
Xerochlamys undulata,K005508267,,,Sarcolaenaceae,Xerochlamys,Xerochlamys undulata,,,,,,,"Leandri, J.; Saboureau, P.",3955,1960-11-20 00:00:00,Madagascar,K,K005508267,,,,,,,,,,,,,Not attempted,
Xerochlamys undulata,K005508264,,,Sarcolaenaceae,Xerochlamys,Xerochlamys undulata,,,,,,,"Croat, T.B.",30611,1975-02-03 00:00:00,Madagascar,K,K005508264,,,,,,,,,,,,,Not attempted,
Xerochlamys undulata,K005508272,,,Sarcolaenaceae,Xerochlamys,Xerochlamys undulata,,,,,,,"Capuron, R.",28500-SF,1968-12-19 00:00:00,Madagascar,K,K005508272,,,,,,,,,,,,,Not attempted,
Xerochlamys undulata,K005508266,,,Sarcolaenaceae,Xerochlamys,Xerochlamys undulata,,,,,,,"Keraudren, M.",455,1960-03-01 00:00:00,Madagascar,K,K005508266,,,,,,,,,,,,,Not attempted,
Xerochlamys villosa,K001896656,,,Sarcolaenaceae,Xerochlamys,Xerochlamys villosa,,,,-22.55,45.3167,,"Du Puy, B.; Du Puy, D.; Labat, J.-N.; Rakouth, B.",MB659,,Madagascar,K,K001896656,,,,,,,,,,,,,Not attempted,
Xyloolaena sp.,K001913804,,,Sarcolaenaceae,Xyloolaena,Xyloolaena sp.,,,,-13.7765,47.9738,,"Tahinarivony, A.J.; Rasoanaivo, N.S.",TAJ660,2012-05-28 00:00:00,Madagascar,K,K001913804,,,,,,,,,,,,,Not attempted,
Xyloolaena sp.,K005434919,,,Sarcolaenaceae,Xyloolaena,Xyloolaena sp.,,,,,,,"Baron, R. (Revd.)",5799,,Madagascar,K,,,,,,,,,,,,,,Not attempted,
Xyloolaena sp.,K001914107,,,Sarcolaenaceae,Xyloolaena,Xyloolaena sp.,,,,,,,"Du Puy, B.D.; Du Puy, D.",MB249,,Madagascar,K,K001914107,,,,,,,,,,,,,Not attempted,
Xyloolaena sp.,K000240313,,,Sarcolaenaceae,Xyloolaena,Xyloolaena sp.,,Unknown,,,,,"Jumelle, H.",3018,1909-11-01 00:00:00,Madagascar,K,K000240313,,,,,,,,,,,,,,
Xyloolaena humbertii,K000240314,,,Sarcolaenaceae,Xyloolaena,Xyloolaena humbertii,,Unknown,,,,,"Humbert, H.",13837,1933-01-01 00:00:00,Madagascar,K,K000240314,,,,,,,,,,,,,,
Xyloolaena perrieri,K005508281,,,Sarcolaenaceae,Xyloolaena,Xyloolaena perrieri,,,,-20.0667,44.6667,,"Noyes, R.D.; Harder, D.K.; Rakotobe, E.A.; Razafindrabeaza, T.G.; Abraham, J.P.",1025,1992-03-18 00:00:00,Madagascar,K,,,,,,,,,,,,,,Not attempted,
Xyloolaena perrieri,K001607088,,,Sarcolaenaceae,Xyloolaena,Xyloolaena perrieri,,,,-12.9167,49.6667,,"Ranirison, P.; Nusbaumer, L.",949,2005-03-01 00:00:00,Madagascar,K,K001607088,,,,,,,,,,,,,Not attempted,
Xyloolaena perrieri,K005508280,,,Sarcolaenaceae,Xyloolaena,Xyloolaena perrieri,,,,-13.131,49.464,,"Gautier, L.; Nusbaumer, L.; Ranirison, P.",LG4656,2004-03-21 00:00:00,Madagascar,K,,,,,,,,,,,,,,Not attempted,
Xyloolaena perrieri,K005508284,,,Sarcolaenaceae,Xyloolaena,Xyloolaena perrieri,,,,-20.0681,44.6606,,"Ralimanana, H.; Rajeriarison, C.; Rakouth, B.; Rakotonasolo, F.; Rakotonirina, N.; Andrianaivoravelona, B.",322,2003-03-23 00:00:00,Madagascar,K,,,,,,,,,,,,,,Not attempted,
Xyloolaena perrieri,K005508279,,,Sarcolaenaceae,Xyloolaena,Xyloolaena perrieri,,,,-13.1082,49.7118,,"Ranirison, P.; Nusbaumer, L.",PR403,2004-02-10 00:00:00,Madagascar,K,,,,,,,,,,,,,,Not attempted,
Xyloolaena perrieri,K005508287,,,Sarcolaenaceae,Xyloolaena,Xyloolaena perrieri,,,,-13.2132,49.7675,,"Gautier, L.; Wohlhauser, S.; Nusbaumer, L.",LG4175,2003-03-02 00:00:00,Madagascar,K,,,,,,,,,,,,,,Not attempted,
Xyloolaena perrieri,K005508285,,,Sarcolaenaceae,Xyloolaena,Xyloolaena perrieri,,,,-13.1334,49.461,,"Rakotoarisoa, S.E. : KMCC; Andriamahay, M. : SNGF",1993,2008-04-24 00:00:00,Madagascar,K,,,,,,,,,,,,,,,
Xyloolaena perrieri,K005508282,,,Sarcolaenaceae,Xyloolaena,Xyloolaena perrieri,,,,-20.0667,44.6667,,"Noyes, R.D.; Harder, D.K.; Rakotobe, E.A.; Razafindrabeaza, T.G.; Abraham, J.P.",1025,1992-03-18 00:00:00,Madagascar,K,,,,,,,,,,,,,,Not attempted,
Xyloolaena perrieri,K005508286,,,Sarcolaenaceae,Xyloolaena,Xyloolaena perrieri,,,,-13.0758,49.5792,,"Randrianaivo, R.; Rakotonandrasana, S.; Rakotondrajaona, R.; Claude, C.; Razanakolona, A.; Benjara, V.; Modeste",1420,2006-12-07 00:00:00,Madagascar,K,,,,,,,,,,,,,,Not attempted,
Xyloolaena perrieri,K005508283,,,Sarcolaenaceae,Xyloolaena,Xyloolaena perrieri,,,,-20.0785,44.6971,,"Andriamahay, M. : SNGF",946,2004-10-18 00:00:00,Madagascar,K,,,,,,,,,,,,,,,
Xyloolaena perrieri,K005508288,,,Sarcolaenaceae,Xyloolaena,Xyloolaena perrieri,,,,-12.605,49.4428,,"Ranaivojaona, R.; et al.",1523,2006-11-07 00:00:00,Madagascar,K,,,,,,,,,,,,,,Not attempted,
Xyloolaena richardii,K005434907,,,Sarcolaenaceae,Xyloolaena,Xyloolaena richardii,,,,-13.7183,50.0978,,"Rabehevitra, D.; Razakamalala, R.; Rakotomamonjy, T.",305,2003-07-15 00:00:00,Madagascar,K,,,,,,,,,,,,,,Not attempted,
Xyloolaena richardii,K005508292,,,Sarcolaenaceae,Xyloolaena,Xyloolaena richardii,,,,-14.1008,5.04778,,"Razafindrakoto, F.Y.; Lowry, P.P.; Birkinshaw, C.; Andrianjafy, N.M.; Georges, B.; Justin, M.",48,2000-05-08 00:00:00,Madagascar,K,,,,,,,,,,,,,,Not attempted,
Xyloolaena richardii,K005434910,,,Sarcolaenaceae,Xyloolaena,Xyloolaena richardii,,,,-15.8833,50.2667,,"Wohlhauser, S.; Kuepfer, P.; Laivao, M.O.; Callmander, M.W.; Arrigo, N.; Bürki, S.",SW495,2003-09-12 00:00:00,Madagascar,K,,,,,,,,,,,,,,Not attempted,
Xyloolaena richardii,K000391043,,,Sarcolaenaceae,Xyloolaena,Xyloolaena richardii,,,,-15.4667,49.7,,"Schatz, G.E.; Villiers, J.F.",1817,1987-12-01 00:00:00,Madagascar,K,,,,,,,,,,,,,,Not attempted,
Xyloolaena richardii,K000300454,,,Sarcolaenaceae,Xyloolaena,Xyloolaena richardii,,,,,,,"Perrier de la Bâthie, J.M.H.A.",15424,1923-06-09 00:00:00,Madagascar,K,K000300454,,,,,,,,,,,,,,
Xyloolaena richardii,K000391041,,,Sarcolaenaceae,Xyloolaena,Xyloolaena richardii,,,,,,,"Baron, R. (Revd.)",6593,,Madagascar,K,,,,,,,,,,,,,,Not attempted,
Xyloolaena richardii,K000391046,,,Sarcolaenaceae,Xyloolaena,Xyloolaena richardii,,,,-16.4167,48.5,,Humbert,18052,1960-01-01 00:00:00,Madagascar,K,,,,,,,,,,,,,,,
Xyloolaena richardii,K006871444,,,Sarcolaenaceae,Xyloolaena,Xyloolaena richardii,,,,-16.7769,49.7161,,"Lehavana, A.",602,2007-06-29 00:00:00,Madagascar,K,K006871444,,,,,,,,,,,,,Not attempted,
Xyloolaena richardii,K006871462,,,Sarcolaenaceae,Xyloolaena,Xyloolaena richardii,,,,-13.9533,50.0017,,"Andriambololonera,S.; Bernard,R.; Rabarimanarivo,R.; Razafindrabe,H.",709,2022-10-25 00:00:00,Madagascar,K,K006871462,,,,,,,,,,,,,Not attempted,
Xyloolaena richardii,K006945716,,,Sarcolaenaceae,Xyloolaena,Xyloolaena richardii,,,,-15.2536,50.4622,,"Rakotoarisoa, S.E.; Andriamahay, M.",SNGF 3972,2017-10-17 00:00:00,Madagascar,K,K006945716,,,,,,,,,,,,,Not attempted,
Xyloolaena richardii,K005434912,,,Sarcolaenaceae,Xyloolaena,Xyloolaena richardii,,,,-13.72,48.0264,,"Tahinarivony, A.J.; Ammann, M.Y.; Madiomanana, M.C.",TAJ227,2009-01-12 00:00:00,Madagascar,K,,,,,,,,,,,,,,Not attempted,
Xyloolaena richardii,K001913803,,,Sarcolaenaceae,Xyloolaena,Xyloolaena richardii,,,,-12.9183,49.3467,,"Burivalova, Z.",ZB181,2010-01-07 00:00:00,Madagascar,K,K001913803,,,,,,,,,,,,,Not attempted,
Xyloolaena richardii,K000753600,,,Sarcolaenaceae,Xyloolaena,Xyloolaena richardii,,,,-14.1426,48.0916,,"Randrianavosoa, H. : SNGF; Rakotoarisoa, S.E. : KMCC",SNGF 3214,2013-03-18 00:00:00,Madagascar,K,K000753600,,,,,,,,,,,,,Not attempted,
Xyloolaena richardii,K005508289,,,Sarcolaenaceae,Xyloolaena,Xyloolaena richardii,,,,-13.4875,48.7492,,"Razafitsalama, L.J.; Ludovic, R.",22,2001-03-01 00:00:00,Madagascar,K,,,,,,,,,,,,,,Not attempted,
Xyloolaena richardii,K000300456,,,Sarcolaenaceae,Xyloolaena,Xyloolaena richardii,,,,13.2833,49.0167,,Service Forestier de Madagascar,3051,1951-03-12 00:00:00,Madagascar,K,,,,,,,,,,,,,,,
Xyloolaena richardii,K005434914,,,Sarcolaenaceae,Xyloolaena,Xyloolaena richardii,,,,-12.9139,49.3214,,"Burivalova, Z.",ZB013,2010-11-07 00:00:00,Madagascar,K,,,,,,,,,,,,,,Not attempted,
Xyloolaena richardii,K000391044,,,Sarcolaenaceae,Xyloolaena,Xyloolaena richardii,,,,,,,"Humbert, H.; Capuron, R.",24206,1950-11-12 00:00:00,Madagascar,K,,,,,,,,,,,,,,Not attempted,
Xyloolaena richardii,K000300455,,,Sarcolaenaceae,Xyloolaena,Xyloolaena richardii,,,,14.1333,48.35,,"Schatz, G.E.",3222,1991-03-23 00:00:00,Madagascar,K,,,,,,,,,,,,,,,
Xyloolaena richardii,K005434909,,,Sarcolaenaceae,Xyloolaena,Xyloolaena richardii,,,,-13.7194,50.0967,,"Rabevohitra, R.; Rabenantoandro, J.; Razakamalala, R.",4575,2003-03-02 00:00:00,Madagascar,K,,,,,,,,,,,,,,Not attempted,
Xyloolaena richardii,K000391039,,,Sarcolaenaceae,Xyloolaena,Xyloolaena richardii,,,,,,,"Capuron, R.",18195SF,1957-09-04 00:00:00,Madagascar,K,,,,,,,,,,,,,,Not attempted,
Xyloolaena richardii,K000936865,,,Sarcolaenaceae,Xyloolaena,Xyloolaena richardii,,,,-16.7703,49.7295,,"Rakotoarisoa, S.E. : KMCC; Andriamahay, M. : SNGF",SNGF 3844,2016-11-28 00:00:00,Madagascar,K,K000936865,,,,,,,,,,,,,,
Xyloolaena richardii,K000391045,,,Sarcolaenaceae,Xyloolaena,Xyloolaena richardii,,,,,,,"Humblot, M.",199,,Madagascar,K,,,,,,,,,,,,,,Not attempted,
Xyloolaena richardii,K005508291,,,Sarcolaenaceae,Xyloolaena,Xyloolaena richardii,,,,-13.7606,47.9853,,"Bernard, R.; et al.",1311,2009-01-22 00:00:00,Madagascar,K,,,,,,,,,,,,,,Not attempted,
Xyloolaena richardii,K000937526,,,Sarcolaenaceae,Xyloolaena,Xyloolaena richardii,,,,-15.2536,50.4623,,"Rakotoarisoa, S.E. : KMCC; Andriamahay, M. : SNGF",SNGF 3972,2017-10-17 00:00:00,Madagascar,K,,,,,,,,,,,,,,,
Xyloolaena richardii,K005434913,,,Sarcolaenaceae,Xyloolaena,Xyloolaena richardii,,,,-13.7781,47.9947,,"Madiomanana, M.C.; Ammann, M.Y.; Tahinarivony, A.J.",MAD226,2009-01-12 00:00:00,Madagascar,K,,,,,,,,,,,,,,Not attempted,
Xyloolaena richardii,K005434911,,,Sarcolaenaceae,Xyloolaena,Xyloolaena richardii,,,,-13.7656,47.9911,,"Ammann, M.Y.; Madiomanana, M.C.; Tahinarivony, A.J.",MYA317,2009-01-22 00:00:00,Madagascar,K,,,,,,,,,,,,,,Not attempted,
Xyloolaena richardii,K005508290,,,Sarcolaenaceae,Xyloolaena,Xyloolaena richardii,,,,-12.9557,49.6942,,"Ranirison, P.",PR647,2004-04-12 00:00:00,Madagascar,K,,,,,,,,,,,,,,Not attempted,
Xyloolaena richardii,K001271177,,,Sarcolaenaceae,Xyloolaena,Xyloolaena richardii,,,,-13.2104,49.0778,,"Andriamahay, M. : SNGF; Rakotoarisoa, S.E. : KMCC",SNGF 3248,2013-10-16 00:00:00,Madagascar,K,K001271177,,,,,,,,,,,,,Not attempted,
Xyloolaena richardii,K000952107,,,Sarcolaenaceae,Xyloolaena,Xyloolaena richardii,,,,-14.1447,48.0908,,"Onjalalaina, G.E.; Rakotonasolo, F.; Rakotoarisoa, S.; Ralimanana, H.; Rabarijaona, N.R.; Andrianarivo, H.; Rabarivola, M.L.",OLG10,2013-09-12 00:00:00,Madagascar,K,,,,,,,,,,,,,,Not attempted,
Xyloolaena richardii,K000300453,,,Sarcolaenaceae,Xyloolaena,Xyloolaena richardii,,,,,,,"Humbert, H.; Capuron, R.",25873,1951-03-31 00:00:00,Madagascar,K,K000300453,,,,,,,,,,,,,,
Xyloolaena richardii,K005434908,,,Sarcolaenaceae,Xyloolaena,Xyloolaena richardii,,,,-12.9552,49.6933,,"Gautier, L.; Chatelain, C.",LG4865,2006-11-19 00:00:00,Madagascar,K,,,,,,,,,,,,,,Not attempted,
Xyloolaena richardii,K005434906,,,Sarcolaenaceae,Xyloolaena,Xyloolaena richardii,,,,,,,"Rasoavimbahoaka, F.; Ravelonarivo, D.",190,1994-03-07 00:00:00,Madagascar,K,,,,,,,,,,,,,,Not attempted,
Xyloolaena sambiranensis,K005434917,,,Sarcolaenaceae,Xyloolaena,Xyloolaena sambiranensis,,,,-13.9667,48.1667,,"Malcomber, S.; Andriatiana, J.; Randriamanpionona, B.",1708,1992-11-15 00:00:00,Madagascar,K,,,,,,,,,,,,,,Not attempted,
Xyloolaena sambiranensis,K005434918,,,Sarcolaenaceae,Xyloolaena,Xyloolaena sambiranensis,,,,-13.9667,48.1667,,"Malcomber, S.; Andriatiana, J.; Randriamanpionona, B.",1708,1992-11-15 00:00:00,Madagascar,K,,,,,,,,,,,,,,Not attempted,
Xyloolaena sambiranensis,K000391040,,,Sarcolaenaceae,Xyloolaena,Xyloolaena sambiranensis,,,,-14.0667,48.2833,,"Totozafy Be, S.",STB555,1996-06-04 00:00:00,Madagascar,K,,,,,,,,,,,,,,Not attempted,
Xyloolaena sambiranensis,K001641302,,,Sarcolaenaceae,Xyloolaena,Xyloolaena sambiranensis,,,,,,,"Rakotonasolo, F.",RNF818,2004-08-13 00:00:00,Madagascar,K,K001641302,,,,,,,,,,,,,Not attempted,
Xyloolaena sambiranensis,K005434915,,,Sarcolaenaceae,Xyloolaena,Xyloolaena sambiranensis,,,,-13.5294,48.6931,,"Rajaovelona, L.; Davis, A.; Briggs, M.; Rakotovao, C.; Rakotonasolo, F.",RJL43,2009-03-22 00:00:00,Madagascar,K,,,,,,,,,,,,,,Not attempted,
Xyloolaena sambiranensis,K000391038,,,Sarcolaenaceae,Xyloolaena,Xyloolaena sambiranensis,,,,-14.0667,48.2833,,"Derleth, P.",160,1994-11-03 00:00:00,Madagascar,K,,,,,,,,,,,,,,Not attempted,
Xyloolaena sambiranensis,K005434916,,,Sarcolaenaceae,Xyloolaena,Xyloolaena sambiranensis,,,,-13.5294,48.6931,,"Rajaovelona, L.; Davis, A.; Briggs, M.; Rakotovao, C.; Rakotonasolo, F.",RJL43,2009-03-22 00:00:00,Madagascar,K,,,,,,,,,,,,,,Not attempted,
Xyloolaena sambiranensis,K000391042,,,Sarcolaenaceae,Xyloolaena,Xyloolaena sambiranensis,,,,-14.0667,48.2833,,"Gautier, L.",LG2984,1996-04-04 00:00:00,Madagascar,K,,,,,,,,,,,,,,Not attempted,
Xyloolaena sambiranensis,K000664030,,,Sarcolaenaceae,Xyloolaena,Xyloolaena sambiranensis,,,,-13.5294,48.6931,,"Rajaovelona, L.; Davis, A.; Briggs, M.; Rakotovao, C.; Rakotonasolo, F.",RJL43,2009-03-22 00:00:00,Madagascar,K,,,,,,,,,,,,,,Not attempted,
